"","hex_id","na.cnt","na.cnt.2","trend","p.val","r2","std.er","trnd.strngth","seas.strngth"
"1",8,0,156,3.8481925886654e-06,5.0593750680654e-11,0.15159060861357,0.000699069904182909,0.3,0.8
"2",34,NA,NA,NA,NA,NA,NA,NA,NA
"3",35,NA,NA,NA,NA,NA,NA,NA,NA
"4",59,NA,NA,NA,NA,NA,NA,NA,NA
"5",60,NA,NA,NA,NA,NA,NA,NA,NA
"6",61,NA,NA,NA,NA,NA,NA,NA,NA
"7",62,NA,NA,NA,NA,NA,NA,NA,NA
"8",85,NA,NA,NA,NA,NA,NA,NA,NA
"9",86,NA,NA,NA,NA,NA,NA,NA,NA
"10",87,NA,NA,NA,NA,NA,NA,NA,NA
"11",88,NA,NA,NA,NA,NA,NA,NA,NA
"12",108,NA,NA,NA,NA,NA,NA,NA,NA
"13",109,NA,NA,NA,NA,NA,NA,NA,NA
"14",110,NA,NA,NA,NA,NA,NA,NA,NA
"15",111,NA,NA,NA,NA,NA,NA,NA,NA
"16",112,NA,NA,NA,NA,NA,NA,NA,NA
"17",113,NA,NA,NA,NA,NA,NA,NA,NA
"18",114,NA,NA,NA,NA,NA,NA,NA,NA
"19",115,NA,NA,NA,NA,NA,NA,NA,NA
"20",134,NA,NA,NA,NA,NA,NA,NA,NA
"21",135,NA,NA,NA,NA,NA,NA,NA,NA
"22",136,NA,NA,NA,NA,NA,NA,NA,NA
"23",137,NA,NA,NA,NA,NA,NA,NA,NA
"24",138,NA,NA,NA,NA,NA,NA,NA,NA
"25",139,NA,NA,NA,NA,NA,NA,NA,NA
"26",140,NA,NA,NA,NA,NA,NA,NA,NA
"27",141,NA,NA,NA,NA,NA,NA,NA,NA
"28",148,NA,NA,NA,NA,NA,NA,NA,NA
"29",160,NA,NA,NA,NA,NA,NA,NA,NA
"30",161,NA,NA,NA,NA,NA,NA,NA,NA
"31",162,NA,NA,NA,NA,NA,NA,NA,NA
"32",163,NA,NA,NA,NA,NA,NA,NA,NA
"33",164,NA,NA,NA,NA,NA,NA,NA,NA
"34",165,NA,NA,NA,NA,NA,NA,NA,NA
"35",166,NA,NA,NA,NA,NA,NA,NA,NA
"36",167,NA,NA,NA,NA,NA,NA,NA,NA
"37",173,NA,NA,NA,NA,NA,NA,NA,NA
"38",174,NA,NA,NA,NA,NA,NA,NA,NA
"39",186,NA,NA,NA,NA,NA,NA,NA,NA
"40",187,NA,NA,NA,NA,NA,NA,NA,NA
"41",188,NA,NA,NA,NA,NA,NA,NA,NA
"42",189,NA,NA,NA,NA,NA,NA,NA,NA
"43",190,NA,NA,NA,NA,NA,NA,NA,NA
"44",191,NA,NA,NA,NA,NA,NA,NA,NA
"45",192,NA,NA,NA,NA,NA,NA,NA,NA
"46",193,NA,NA,NA,NA,NA,NA,NA,NA
"47",194,NA,NA,NA,NA,NA,NA,NA,NA
"48",199,NA,NA,NA,NA,NA,NA,NA,NA
"49",200,NA,NA,NA,NA,NA,NA,NA,NA
"50",201,NA,NA,NA,NA,NA,NA,NA,NA
"51",212,NA,NA,NA,NA,NA,NA,NA,NA
"52",213,NA,NA,NA,NA,NA,NA,NA,NA
"53",214,NA,NA,NA,NA,NA,NA,NA,NA
"54",215,NA,NA,NA,NA,NA,NA,NA,NA
"55",216,NA,NA,NA,NA,NA,NA,NA,NA
"56",217,NA,NA,NA,NA,NA,NA,NA,NA
"57",218,NA,NA,NA,NA,NA,NA,NA,NA
"58",219,NA,NA,NA,NA,NA,NA,NA,NA
"59",220,NA,NA,NA,NA,NA,NA,NA,NA
"60",224,NA,NA,NA,NA,NA,NA,NA,NA
"61",225,NA,NA,NA,NA,NA,NA,NA,NA
"62",226,NA,NA,NA,NA,NA,NA,NA,NA
"63",238,NA,NA,NA,NA,NA,NA,NA,NA
"64",239,NA,NA,NA,NA,NA,NA,NA,NA
"65",240,NA,NA,NA,NA,NA,NA,NA,NA
"66",241,NA,NA,NA,NA,NA,NA,NA,NA
"67",242,NA,NA,NA,NA,NA,NA,NA,NA
"68",243,NA,NA,NA,NA,NA,NA,NA,NA
"69",244,NA,NA,NA,NA,NA,NA,NA,NA
"70",245,NA,NA,NA,NA,NA,NA,NA,NA
"71",246,NA,NA,NA,NA,NA,NA,NA,NA
"72",251,NA,NA,NA,NA,NA,NA,NA,NA
"73",252,NA,NA,NA,NA,NA,NA,NA,NA
"74",253,NA,NA,NA,NA,NA,NA,NA,NA
"75",264,NA,NA,NA,NA,NA,NA,NA,NA
"76",265,NA,NA,NA,NA,NA,NA,NA,NA
"77",266,NA,NA,NA,NA,NA,NA,NA,NA
"78",267,NA,NA,NA,NA,NA,NA,NA,NA
"79",268,NA,NA,NA,NA,NA,NA,NA,NA
"80",269,NA,NA,NA,NA,NA,NA,NA,NA
"81",270,NA,NA,NA,NA,NA,NA,NA,NA
"82",271,NA,NA,NA,NA,NA,NA,NA,NA
"83",272,NA,NA,NA,NA,NA,NA,NA,NA
"84",277,NA,NA,NA,NA,NA,NA,NA,NA
"85",278,NA,NA,NA,NA,NA,NA,NA,NA
"86",279,NA,NA,NA,NA,NA,NA,NA,NA
"87",281,NA,NA,NA,NA,NA,NA,NA,NA
"88",290,NA,NA,NA,NA,NA,NA,NA,NA
"89",291,NA,NA,NA,NA,NA,NA,NA,NA
"90",292,NA,NA,NA,NA,NA,NA,NA,NA
"91",293,NA,NA,NA,NA,NA,NA,NA,NA
"92",294,NA,NA,NA,NA,NA,NA,NA,NA
"93",295,NA,NA,NA,NA,NA,NA,NA,NA
"94",296,NA,NA,NA,NA,NA,NA,NA,NA
"95",297,NA,NA,NA,NA,NA,NA,NA,NA
"96",298,NA,NA,NA,NA,NA,NA,NA,NA
"97",303,NA,NA,NA,NA,NA,NA,NA,NA
"98",304,NA,NA,NA,NA,NA,NA,NA,NA
"99",305,NA,NA,NA,NA,NA,NA,NA,NA
"100",306,NA,NA,NA,NA,NA,NA,NA,NA
"101",307,NA,NA,NA,NA,NA,NA,NA,NA
"102",308,NA,NA,NA,NA,NA,NA,NA,NA
"103",310,NA,NA,NA,NA,NA,NA,NA,NA
"104",316,NA,NA,NA,NA,NA,NA,NA,NA
"105",317,NA,NA,NA,NA,NA,NA,NA,NA
"106",318,NA,NA,NA,NA,NA,NA,NA,NA
"107",319,NA,NA,NA,NA,NA,NA,NA,NA
"108",320,NA,NA,NA,NA,NA,NA,NA,NA
"109",321,NA,NA,NA,NA,NA,NA,NA,NA
"110",322,NA,NA,NA,NA,NA,NA,NA,NA
"111",323,NA,NA,NA,NA,NA,NA,NA,NA
"112",328,NA,NA,NA,NA,NA,NA,NA,NA
"113",329,NA,NA,NA,NA,NA,NA,NA,NA
"114",330,NA,NA,NA,NA,NA,NA,NA,NA
"115",331,NA,NA,NA,NA,NA,NA,NA,NA
"116",332,NA,NA,NA,NA,NA,NA,NA,NA
"117",333,NA,NA,NA,NA,NA,NA,NA,NA
"118",334,NA,NA,NA,NA,NA,NA,NA,NA
"119",335,NA,NA,NA,NA,NA,NA,NA,NA
"120",336,NA,NA,NA,NA,NA,NA,NA,NA
"121",342,NA,NA,NA,NA,NA,NA,NA,NA
"122",343,NA,NA,NA,NA,NA,NA,NA,NA
"123",344,NA,NA,NA,NA,NA,NA,NA,NA
"124",345,NA,NA,NA,NA,NA,NA,NA,NA
"125",346,NA,NA,NA,NA,NA,NA,NA,NA
"126",347,NA,NA,NA,NA,NA,NA,NA,NA
"127",348,NA,NA,NA,NA,NA,NA,NA,NA
"128",349,NA,NA,NA,NA,NA,NA,NA,NA
"129",350,NA,NA,NA,NA,NA,NA,NA,NA
"130",354,NA,NA,NA,NA,NA,NA,NA,NA
"131",355,NA,NA,NA,NA,NA,NA,NA,NA
"132",356,NA,NA,NA,NA,NA,NA,NA,NA
"133",357,NA,NA,NA,NA,NA,NA,NA,NA
"134",358,NA,NA,NA,NA,NA,NA,NA,NA
"135",359,NA,NA,NA,NA,NA,NA,NA,NA
"136",360,NA,NA,NA,NA,NA,NA,NA,NA
"137",361,NA,NA,NA,NA,NA,NA,NA,NA
"138",362,NA,NA,NA,NA,NA,NA,NA,NA
"139",363,NA,NA,NA,NA,NA,NA,NA,NA
"140",367,NA,NA,NA,NA,NA,NA,NA,NA
"141",368,NA,NA,NA,NA,NA,NA,NA,NA
"142",369,NA,NA,NA,NA,NA,NA,NA,NA
"143",370,NA,NA,NA,NA,NA,NA,NA,NA
"144",371,NA,NA,NA,NA,NA,NA,NA,NA
"145",372,NA,NA,NA,NA,NA,NA,NA,NA
"146",373,NA,NA,NA,NA,NA,NA,NA,NA
"147",374,NA,NA,NA,NA,NA,NA,NA,NA
"148",375,NA,NA,NA,NA,NA,NA,NA,NA
"149",376,NA,NA,NA,NA,NA,NA,NA,NA
"150",379,NA,NA,NA,NA,NA,NA,NA,NA
"151",380,NA,NA,NA,NA,NA,NA,NA,NA
"152",381,NA,NA,NA,NA,NA,NA,NA,NA
"153",382,NA,NA,NA,NA,NA,NA,NA,NA
"154",383,NA,NA,NA,NA,NA,NA,NA,NA
"155",384,NA,NA,NA,NA,NA,NA,NA,NA
"156",385,NA,NA,NA,NA,NA,NA,NA,NA
"157",386,NA,NA,NA,NA,NA,NA,NA,NA
"158",387,NA,NA,NA,NA,NA,NA,NA,NA
"159",388,NA,NA,NA,NA,NA,NA,NA,NA
"160",393,NA,NA,NA,NA,NA,NA,NA,NA
"161",394,NA,NA,NA,NA,NA,NA,NA,NA
"162",395,NA,NA,NA,NA,NA,NA,NA,NA
"163",396,NA,NA,NA,NA,NA,NA,NA,NA
"164",397,NA,NA,NA,NA,NA,NA,NA,NA
"165",398,NA,NA,NA,NA,NA,NA,NA,NA
"166",399,NA,NA,NA,NA,NA,NA,NA,NA
"167",400,NA,NA,NA,NA,NA,NA,NA,NA
"168",401,NA,NA,NA,NA,NA,NA,NA,NA
"169",402,NA,NA,NA,NA,NA,NA,NA,NA
"170",403,NA,NA,NA,NA,NA,NA,NA,NA
"171",404,NA,NA,NA,NA,NA,NA,NA,NA
"172",405,NA,NA,NA,NA,NA,NA,NA,NA
"173",406,NA,NA,NA,NA,NA,NA,NA,NA
"174",407,NA,NA,NA,NA,NA,NA,NA,NA
"175",408,NA,NA,NA,NA,NA,NA,NA,NA
"176",409,NA,NA,NA,NA,NA,NA,NA,NA
"177",410,NA,NA,NA,NA,NA,NA,NA,NA
"178",411,NA,NA,NA,NA,NA,NA,NA,NA
"179",412,NA,NA,NA,NA,NA,NA,NA,NA
"180",413,NA,NA,NA,NA,NA,NA,NA,NA
"181",414,NA,NA,NA,NA,NA,NA,NA,NA
"182",415,NA,NA,NA,NA,NA,NA,NA,NA
"183",419,NA,NA,NA,NA,NA,NA,NA,NA
"184",420,NA,NA,NA,NA,NA,NA,NA,NA
"185",421,NA,NA,NA,NA,NA,NA,NA,NA
"186",422,NA,NA,NA,NA,NA,NA,NA,NA
"187",423,NA,NA,NA,NA,NA,NA,NA,NA
"188",424,NA,NA,NA,NA,NA,NA,NA,NA
"189",425,NA,NA,NA,NA,NA,NA,NA,NA
"190",426,NA,NA,NA,NA,NA,NA,NA,NA
"191",427,NA,NA,NA,NA,NA,NA,NA,NA
"192",428,NA,NA,NA,NA,NA,NA,NA,NA
"193",429,NA,NA,NA,NA,NA,NA,NA,NA
"194",430,NA,NA,NA,NA,NA,NA,NA,NA
"195",431,NA,NA,NA,NA,NA,NA,NA,NA
"196",432,NA,NA,NA,NA,NA,NA,NA,NA
"197",433,NA,NA,NA,NA,NA,NA,NA,NA
"198",434,NA,NA,NA,NA,NA,NA,NA,NA
"199",435,NA,NA,NA,NA,NA,NA,NA,NA
"200",436,NA,NA,NA,NA,NA,NA,NA,NA
"201",437,NA,NA,NA,NA,NA,NA,NA,NA
"202",438,NA,NA,NA,NA,NA,NA,NA,NA
"203",439,NA,NA,NA,NA,NA,NA,NA,NA
"204",440,NA,NA,NA,NA,NA,NA,NA,NA
"205",441,NA,NA,NA,NA,NA,NA,NA,NA
"206",445,NA,NA,NA,NA,NA,NA,NA,NA
"207",446,NA,NA,NA,NA,NA,NA,NA,NA
"208",447,NA,NA,NA,NA,NA,NA,NA,NA
"209",448,NA,NA,NA,NA,NA,NA,NA,NA
"210",449,NA,NA,NA,NA,NA,NA,NA,NA
"211",450,NA,NA,NA,NA,NA,NA,NA,NA
"212",451,NA,NA,NA,NA,NA,NA,NA,NA
"213",452,NA,NA,NA,NA,NA,NA,NA,NA
"214",453,NA,NA,NA,NA,NA,NA,NA,NA
"215",454,NA,NA,NA,NA,NA,NA,NA,NA
"216",455,NA,NA,NA,NA,NA,NA,NA,NA
"217",456,NA,NA,NA,NA,NA,NA,NA,NA
"218",457,NA,NA,NA,NA,NA,NA,NA,NA
"219",458,NA,NA,NA,NA,NA,NA,NA,NA
"220",459,NA,NA,NA,NA,NA,NA,NA,NA
"221",460,NA,NA,NA,NA,NA,NA,NA,NA
"222",461,NA,NA,NA,NA,NA,NA,NA,NA
"223",462,NA,NA,NA,NA,NA,NA,NA,NA
"224",463,NA,NA,NA,NA,NA,NA,NA,NA
"225",464,NA,NA,NA,NA,NA,NA,NA,NA
"226",465,NA,NA,NA,NA,NA,NA,NA,NA
"227",466,NA,NA,NA,NA,NA,NA,NA,NA
"228",467,NA,NA,NA,NA,NA,NA,NA,NA
"229",468,NA,NA,NA,NA,NA,NA,NA,NA
"230",471,NA,NA,NA,NA,NA,NA,NA,NA
"231",472,NA,NA,NA,NA,NA,NA,NA,NA
"232",473,NA,NA,NA,NA,NA,NA,NA,NA
"233",474,NA,NA,NA,NA,NA,NA,NA,NA
"234",475,NA,NA,NA,NA,NA,NA,NA,NA
"235",476,NA,NA,NA,NA,NA,NA,NA,NA
"236",477,NA,NA,NA,NA,NA,NA,NA,NA
"237",478,NA,NA,NA,NA,NA,NA,NA,NA
"238",479,NA,NA,NA,NA,NA,NA,NA,NA
"239",480,NA,NA,NA,NA,NA,NA,NA,NA
"240",481,NA,NA,NA,NA,NA,NA,NA,NA
"241",482,NA,NA,NA,NA,NA,NA,NA,NA
"242",483,NA,NA,NA,NA,NA,NA,NA,NA
"243",484,NA,NA,NA,NA,NA,NA,NA,NA
"244",485,NA,NA,NA,NA,NA,NA,NA,NA
"245",486,NA,NA,NA,NA,NA,NA,NA,NA
"246",487,NA,NA,NA,NA,NA,NA,NA,NA
"247",488,NA,NA,NA,NA,NA,NA,NA,NA
"248",489,NA,NA,NA,NA,NA,NA,NA,NA
"249",490,NA,NA,NA,NA,NA,NA,NA,NA
"250",491,NA,NA,NA,NA,NA,NA,NA,NA
"251",492,NA,NA,NA,NA,NA,NA,NA,NA
"252",493,NA,NA,NA,NA,NA,NA,NA,NA
"253",497,NA,NA,NA,NA,NA,NA,NA,NA
"254",498,NA,NA,NA,NA,NA,NA,NA,NA
"255",499,NA,NA,NA,NA,NA,NA,NA,NA
"256",500,NA,NA,NA,NA,NA,NA,NA,NA
"257",501,NA,NA,NA,NA,NA,NA,NA,NA
"258",502,NA,NA,NA,NA,NA,NA,NA,NA
"259",503,NA,NA,NA,NA,NA,NA,NA,NA
"260",504,NA,NA,NA,NA,NA,NA,NA,NA
"261",505,NA,NA,NA,NA,NA,NA,NA,NA
"262",506,NA,NA,NA,NA,NA,NA,NA,NA
"263",507,NA,NA,NA,NA,NA,NA,NA,NA
"264",508,NA,NA,NA,NA,NA,NA,NA,NA
"265",509,NA,NA,NA,NA,NA,NA,NA,NA
"266",510,NA,NA,NA,NA,NA,NA,NA,NA
"267",511,NA,NA,NA,NA,NA,NA,NA,NA
"268",512,NA,NA,NA,NA,NA,NA,NA,NA
"269",513,NA,NA,NA,NA,NA,NA,NA,NA
"270",514,NA,NA,NA,NA,NA,NA,NA,NA
"271",515,NA,NA,NA,NA,NA,NA,NA,NA
"272",516,NA,NA,NA,NA,NA,NA,NA,NA
"273",517,NA,NA,NA,NA,NA,NA,NA,NA
"274",518,NA,NA,NA,NA,NA,NA,NA,NA
"275",519,NA,NA,NA,NA,NA,NA,NA,NA
"276",520,NA,NA,NA,NA,NA,NA,NA,NA
"277",523,NA,NA,NA,NA,NA,NA,NA,NA
"278",524,NA,NA,NA,NA,NA,NA,NA,NA
"279",525,NA,NA,NA,NA,NA,NA,NA,NA
"280",526,NA,NA,NA,NA,NA,NA,NA,NA
"281",527,NA,NA,NA,NA,NA,NA,NA,NA
"282",528,NA,NA,NA,NA,NA,NA,NA,NA
"283",529,NA,NA,NA,NA,NA,NA,NA,NA
"284",530,NA,NA,NA,NA,NA,NA,NA,NA
"285",531,NA,NA,NA,NA,NA,NA,NA,NA
"286",532,NA,NA,NA,NA,NA,NA,NA,NA
"287",533,NA,NA,NA,NA,NA,NA,NA,NA
"288",534,NA,NA,NA,NA,NA,NA,NA,NA
"289",535,NA,NA,NA,NA,NA,NA,NA,NA
"290",536,NA,NA,NA,NA,NA,NA,NA,NA
"291",537,NA,NA,NA,NA,NA,NA,NA,NA
"292",538,NA,NA,NA,NA,NA,NA,NA,NA
"293",539,NA,NA,NA,NA,NA,NA,NA,NA
"294",540,NA,NA,NA,NA,NA,NA,NA,NA
"295",541,NA,NA,NA,NA,NA,NA,NA,NA
"296",542,NA,NA,NA,NA,NA,NA,NA,NA
"297",543,NA,NA,NA,NA,NA,NA,NA,NA
"298",544,NA,NA,NA,NA,NA,NA,NA,NA
"299",545,NA,NA,NA,NA,NA,NA,NA,NA
"300",549,NA,NA,NA,NA,NA,NA,NA,NA
"301",550,NA,NA,NA,NA,NA,NA,NA,NA
"302",551,NA,NA,NA,NA,NA,NA,NA,NA
"303",552,NA,NA,NA,NA,NA,NA,NA,NA
"304",553,NA,NA,NA,NA,NA,NA,NA,NA
"305",554,NA,NA,NA,NA,NA,NA,NA,NA
"306",555,NA,NA,NA,NA,NA,NA,NA,NA
"307",556,NA,NA,NA,NA,NA,NA,NA,NA
"308",557,NA,NA,NA,NA,NA,NA,NA,NA
"309",558,NA,NA,NA,NA,NA,NA,NA,NA
"310",559,NA,NA,NA,NA,NA,NA,NA,NA
"311",560,NA,NA,NA,NA,NA,NA,NA,NA
"312",561,NA,NA,NA,NA,NA,NA,NA,NA
"313",562,NA,NA,NA,NA,NA,NA,NA,NA
"314",563,NA,NA,NA,NA,NA,NA,NA,NA
"315",564,NA,NA,NA,NA,NA,NA,NA,NA
"316",565,NA,NA,NA,NA,NA,NA,NA,NA
"317",566,NA,NA,NA,NA,NA,NA,NA,NA
"318",567,NA,NA,NA,NA,NA,NA,NA,NA
"319",568,NA,NA,NA,NA,NA,NA,NA,NA
"320",569,NA,NA,NA,NA,NA,NA,NA,NA
"321",570,NA,NA,NA,NA,NA,NA,NA,NA
"322",571,NA,NA,NA,NA,NA,NA,NA,NA
"323",575,NA,NA,NA,NA,NA,NA,NA,NA
"324",576,NA,NA,NA,NA,NA,NA,NA,NA
"325",577,NA,NA,NA,NA,NA,NA,NA,NA
"326",578,NA,NA,NA,NA,NA,NA,NA,NA
"327",579,NA,NA,NA,NA,NA,NA,NA,NA
"328",580,NA,NA,NA,NA,NA,NA,NA,NA
"329",581,NA,NA,NA,NA,NA,NA,NA,NA
"330",582,NA,NA,NA,NA,NA,NA,NA,NA
"331",583,NA,NA,NA,NA,NA,NA,NA,NA
"332",584,NA,NA,NA,NA,NA,NA,NA,NA
"333",585,NA,NA,NA,NA,NA,NA,NA,NA
"334",586,NA,NA,NA,NA,NA,NA,NA,NA
"335",587,NA,NA,NA,NA,NA,NA,NA,NA
"336",588,NA,NA,NA,NA,NA,NA,NA,NA
"337",589,NA,NA,NA,NA,NA,NA,NA,NA
"338",590,NA,NA,NA,NA,NA,NA,NA,NA
"339",591,NA,NA,NA,NA,NA,NA,NA,NA
"340",592,NA,NA,NA,NA,NA,NA,NA,NA
"341",593,NA,NA,NA,NA,NA,NA,NA,NA
"342",594,NA,NA,NA,NA,NA,NA,NA,NA
"343",595,NA,NA,NA,NA,NA,NA,NA,NA
"344",596,NA,NA,NA,NA,NA,NA,NA,NA
"345",602,NA,NA,NA,NA,NA,NA,NA,NA
"346",603,NA,NA,NA,NA,NA,NA,NA,NA
"347",604,NA,NA,NA,NA,NA,NA,NA,NA
"348",605,NA,NA,NA,NA,NA,NA,NA,NA
"349",606,NA,NA,NA,NA,NA,NA,NA,NA
"350",607,NA,NA,NA,NA,NA,NA,NA,NA
"351",608,NA,NA,NA,NA,NA,NA,NA,NA
"352",609,NA,NA,NA,NA,NA,NA,NA,NA
"353",610,NA,NA,NA,NA,NA,NA,NA,NA
"354",611,NA,NA,NA,NA,NA,NA,NA,NA
"355",612,NA,NA,NA,NA,NA,NA,NA,NA
"356",613,NA,NA,NA,NA,NA,NA,NA,NA
"357",614,NA,NA,NA,NA,NA,NA,NA,NA
"358",615,NA,NA,NA,NA,NA,NA,NA,NA
"359",616,NA,NA,NA,NA,NA,NA,NA,NA
"360",617,NA,NA,NA,NA,NA,NA,NA,NA
"361",618,NA,NA,NA,NA,NA,NA,NA,NA
"362",619,NA,NA,NA,NA,NA,NA,NA,NA
"363",620,NA,NA,NA,NA,NA,NA,NA,NA
"364",621,NA,NA,NA,NA,NA,NA,NA,NA
"365",622,NA,NA,NA,NA,NA,NA,NA,NA
"366",623,NA,NA,NA,NA,NA,NA,NA,NA
"367",627,NA,NA,NA,NA,NA,NA,NA,NA
"368",628,NA,NA,NA,NA,NA,NA,NA,NA
"369",629,NA,NA,NA,NA,NA,NA,NA,NA
"370",630,NA,NA,NA,NA,NA,NA,NA,NA
"371",631,NA,NA,NA,NA,NA,NA,NA,NA
"372",632,NA,NA,NA,NA,NA,NA,NA,NA
"373",633,NA,NA,NA,NA,NA,NA,NA,NA
"374",634,NA,NA,NA,NA,NA,NA,NA,NA
"375",635,NA,NA,NA,NA,NA,NA,NA,NA
"376",636,NA,NA,NA,NA,NA,NA,NA,NA
"377",637,NA,NA,NA,NA,NA,NA,NA,NA
"378",638,NA,NA,NA,NA,NA,NA,NA,NA
"379",639,NA,NA,NA,NA,NA,NA,NA,NA
"380",640,NA,NA,NA,NA,NA,NA,NA,NA
"381",641,NA,NA,NA,NA,NA,NA,NA,NA
"382",642,NA,NA,NA,NA,NA,NA,NA,NA
"383",643,NA,NA,NA,NA,NA,NA,NA,NA
"384",644,NA,NA,NA,NA,NA,NA,NA,NA
"385",645,NA,NA,NA,NA,NA,NA,NA,NA
"386",646,NA,NA,NA,NA,NA,NA,NA,NA
"387",647,NA,NA,NA,NA,NA,NA,NA,NA
"388",648,NA,NA,NA,NA,NA,NA,NA,NA
"389",654,NA,NA,NA,NA,NA,NA,NA,NA
"390",655,NA,NA,NA,NA,NA,NA,NA,NA
"391",656,NA,NA,NA,NA,NA,NA,NA,NA
"392",657,NA,NA,NA,NA,NA,NA,NA,NA
"393",658,NA,NA,NA,NA,NA,NA,NA,NA
"394",659,NA,NA,NA,NA,NA,NA,NA,NA
"395",660,NA,NA,NA,NA,NA,NA,NA,NA
"396",661,NA,NA,NA,NA,NA,NA,NA,NA
"397",662,NA,NA,NA,NA,NA,NA,NA,NA
"398",663,NA,NA,NA,NA,NA,NA,NA,NA
"399",664,NA,NA,NA,NA,NA,NA,NA,NA
"400",665,NA,NA,NA,NA,NA,NA,NA,NA
"401",666,NA,NA,NA,NA,NA,NA,NA,NA
"402",667,NA,NA,NA,NA,NA,NA,NA,NA
"403",668,NA,NA,NA,NA,NA,NA,NA,NA
"404",669,NA,NA,NA,NA,NA,NA,NA,NA
"405",670,NA,NA,NA,NA,NA,NA,NA,NA
"406",671,NA,NA,NA,NA,NA,NA,NA,NA
"407",672,NA,NA,NA,NA,NA,NA,NA,NA
"408",673,NA,NA,NA,NA,NA,NA,NA,NA
"409",674,NA,NA,NA,NA,NA,NA,NA,NA
"410",679,NA,NA,NA,NA,NA,NA,NA,NA
"411",680,NA,NA,NA,NA,NA,NA,NA,NA
"412",681,NA,NA,NA,NA,NA,NA,NA,NA
"413",682,NA,NA,NA,NA,NA,NA,NA,NA
"414",683,NA,NA,NA,NA,NA,NA,NA,NA
"415",684,NA,NA,NA,NA,NA,NA,NA,NA
"416",685,NA,NA,NA,NA,NA,NA,NA,NA
"417",686,NA,NA,NA,NA,NA,NA,NA,NA
"418",687,NA,NA,NA,NA,NA,NA,NA,NA
"419",688,NA,NA,NA,NA,NA,NA,NA,NA
"420",689,NA,NA,NA,NA,NA,NA,NA,NA
"421",690,NA,NA,NA,NA,NA,NA,NA,NA
"422",691,NA,NA,NA,NA,NA,NA,NA,NA
"423",692,NA,NA,NA,NA,NA,NA,NA,NA
"424",693,NA,NA,NA,NA,NA,NA,NA,NA
"425",694,NA,NA,NA,NA,NA,NA,NA,NA
"426",695,NA,NA,NA,NA,NA,NA,NA,NA
"427",696,NA,NA,NA,NA,NA,NA,NA,NA
"428",697,NA,NA,NA,NA,NA,NA,NA,NA
"429",698,NA,NA,NA,NA,NA,NA,NA,NA
"430",699,NA,NA,NA,NA,NA,NA,NA,NA
"431",700,NA,NA,NA,NA,NA,NA,NA,NA
"432",706,NA,NA,NA,NA,NA,NA,NA,NA
"433",707,NA,NA,NA,NA,NA,NA,NA,NA
"434",708,NA,NA,NA,NA,NA,NA,NA,NA
"435",709,NA,NA,NA,NA,NA,NA,NA,NA
"436",710,NA,NA,NA,NA,NA,NA,NA,NA
"437",711,NA,NA,NA,NA,NA,NA,NA,NA
"438",712,NA,NA,NA,NA,NA,NA,NA,NA
"439",713,NA,NA,NA,NA,NA,NA,NA,NA
"440",714,NA,NA,NA,NA,NA,NA,NA,NA
"441",715,NA,NA,NA,NA,NA,NA,NA,NA
"442",716,NA,NA,NA,NA,NA,NA,NA,NA
"443",717,NA,NA,NA,NA,NA,NA,NA,NA
"444",718,NA,NA,NA,NA,NA,NA,NA,NA
"445",719,NA,NA,NA,NA,NA,NA,NA,NA
"446",720,NA,NA,NA,NA,NA,NA,NA,NA
"447",721,NA,NA,NA,NA,NA,NA,NA,NA
"448",722,NA,NA,NA,NA,NA,NA,NA,NA
"449",723,NA,NA,NA,NA,NA,NA,NA,NA
"450",724,NA,NA,NA,NA,NA,NA,NA,NA
"451",725,NA,NA,NA,NA,NA,NA,NA,NA
"452",726,NA,NA,NA,NA,NA,NA,NA,NA
"453",731,NA,NA,NA,NA,NA,NA,NA,NA
"454",732,NA,NA,NA,NA,NA,NA,NA,NA
"455",733,NA,NA,NA,NA,NA,NA,NA,NA
"456",734,NA,NA,NA,NA,NA,NA,NA,NA
"457",735,NA,NA,NA,NA,NA,NA,NA,NA
"458",736,NA,NA,NA,NA,NA,NA,NA,NA
"459",737,NA,NA,NA,NA,NA,NA,NA,NA
"460",738,NA,NA,NA,NA,NA,NA,NA,NA
"461",739,NA,NA,NA,NA,NA,NA,NA,NA
"462",740,NA,NA,NA,NA,NA,NA,NA,NA
"463",741,NA,NA,NA,NA,NA,NA,NA,NA
"464",742,NA,NA,NA,NA,NA,NA,NA,NA
"465",743,NA,NA,NA,NA,NA,NA,NA,NA
"466",744,NA,NA,NA,NA,NA,NA,NA,NA
"467",745,NA,NA,NA,NA,NA,NA,NA,NA
"468",746,NA,NA,NA,NA,NA,NA,NA,NA
"469",747,NA,NA,NA,NA,NA,NA,NA,NA
"470",748,NA,NA,NA,NA,NA,NA,NA,NA
"471",749,NA,NA,NA,NA,NA,NA,NA,NA
"472",750,NA,NA,NA,NA,NA,NA,NA,NA
"473",751,NA,NA,NA,NA,NA,NA,NA,NA
"474",758,NA,NA,NA,NA,NA,NA,NA,NA
"475",759,NA,NA,NA,NA,NA,NA,NA,NA
"476",760,NA,NA,NA,NA,NA,NA,NA,NA
"477",761,NA,NA,NA,NA,NA,NA,NA,NA
"478",762,NA,NA,NA,NA,NA,NA,NA,NA
"479",763,NA,NA,NA,NA,NA,NA,NA,NA
"480",764,NA,NA,NA,NA,NA,NA,NA,NA
"481",765,NA,NA,NA,NA,NA,NA,NA,NA
"482",766,NA,NA,NA,NA,NA,NA,NA,NA
"483",767,NA,NA,NA,NA,NA,NA,NA,NA
"484",768,NA,NA,NA,NA,NA,NA,NA,NA
"485",769,NA,NA,NA,NA,NA,NA,NA,NA
"486",770,NA,NA,NA,NA,NA,NA,NA,NA
"487",771,NA,NA,NA,NA,NA,NA,NA,NA
"488",772,NA,NA,NA,NA,NA,NA,NA,NA
"489",773,NA,NA,NA,NA,NA,NA,NA,NA
"490",774,NA,NA,NA,NA,NA,NA,NA,NA
"491",775,NA,NA,NA,NA,NA,NA,NA,NA
"492",776,NA,NA,NA,NA,NA,NA,NA,NA
"493",777,NA,NA,NA,NA,NA,NA,NA,NA
"494",783,NA,NA,NA,NA,NA,NA,NA,NA
"495",784,NA,NA,NA,NA,NA,NA,NA,NA
"496",785,NA,NA,NA,NA,NA,NA,NA,NA
"497",786,NA,NA,NA,NA,NA,NA,NA,NA
"498",787,NA,NA,NA,NA,NA,NA,NA,NA
"499",788,NA,NA,NA,NA,NA,NA,NA,NA
"500",789,NA,NA,NA,NA,NA,NA,NA,NA
"501",790,NA,NA,NA,NA,NA,NA,NA,NA
"502",791,NA,NA,NA,NA,NA,NA,NA,NA
"503",792,NA,NA,NA,NA,NA,NA,NA,NA
"504",793,NA,NA,NA,NA,NA,NA,NA,NA
"505",794,NA,NA,NA,NA,NA,NA,NA,NA
"506",795,NA,NA,NA,NA,NA,NA,NA,NA
"507",796,NA,NA,NA,NA,NA,NA,NA,NA
"508",797,NA,NA,NA,NA,NA,NA,NA,NA
"509",798,NA,NA,NA,NA,NA,NA,NA,NA
"510",799,NA,NA,NA,NA,NA,NA,NA,NA
"511",800,NA,NA,NA,NA,NA,NA,NA,NA
"512",801,NA,NA,NA,NA,NA,NA,NA,NA
"513",802,NA,NA,NA,NA,NA,NA,NA,NA
"514",810,NA,NA,NA,NA,NA,NA,NA,NA
"515",811,NA,NA,NA,NA,NA,NA,NA,NA
"516",812,NA,NA,NA,NA,NA,NA,NA,NA
"517",813,NA,NA,NA,NA,NA,NA,NA,NA
"518",814,NA,NA,NA,NA,NA,NA,NA,NA
"519",815,NA,NA,NA,NA,NA,NA,NA,NA
"520",816,NA,NA,NA,NA,NA,NA,NA,NA
"521",817,NA,NA,NA,NA,NA,NA,NA,NA
"522",818,NA,NA,NA,NA,NA,NA,NA,NA
"523",819,NA,NA,NA,NA,NA,NA,NA,NA
"524",820,NA,NA,NA,NA,NA,NA,NA,NA
"525",821,NA,NA,NA,NA,NA,NA,NA,NA
"526",822,NA,NA,NA,NA,NA,NA,NA,NA
"527",823,NA,NA,NA,NA,NA,NA,NA,NA
"528",824,NA,NA,NA,NA,NA,NA,NA,NA
"529",825,NA,NA,NA,NA,NA,NA,NA,NA
"530",826,NA,NA,NA,NA,NA,NA,NA,NA
"531",827,NA,NA,NA,NA,NA,NA,NA,NA
"532",828,NA,NA,NA,NA,NA,NA,NA,NA
"533",836,NA,NA,NA,NA,NA,NA,NA,NA
"534",837,NA,NA,NA,NA,NA,NA,NA,NA
"535",838,NA,NA,NA,NA,NA,NA,NA,NA
"536",839,NA,NA,NA,NA,NA,NA,NA,NA
"537",840,NA,NA,NA,NA,NA,NA,NA,NA
"538",841,NA,NA,NA,NA,NA,NA,NA,NA
"539",842,NA,NA,NA,NA,NA,NA,NA,NA
"540",843,NA,NA,NA,NA,NA,NA,NA,NA
"541",844,NA,NA,NA,NA,NA,NA,NA,NA
"542",845,NA,NA,NA,NA,NA,NA,NA,NA
"543",846,NA,NA,NA,NA,NA,NA,NA,NA
"544",847,NA,NA,NA,NA,NA,NA,NA,NA
"545",848,NA,NA,NA,NA,NA,NA,NA,NA
"546",849,NA,NA,NA,NA,NA,NA,NA,NA
"547",850,NA,NA,NA,NA,NA,NA,NA,NA
"548",851,NA,NA,NA,NA,NA,NA,NA,NA
"549",852,NA,NA,NA,NA,NA,NA,NA,NA
"550",853,NA,NA,NA,NA,NA,NA,NA,NA
"551",854,NA,NA,NA,NA,NA,NA,NA,NA
"552",862,NA,NA,NA,NA,NA,NA,NA,NA
"553",863,NA,NA,NA,NA,NA,NA,NA,NA
"554",864,NA,NA,NA,NA,NA,NA,NA,NA
"555",865,NA,NA,NA,NA,NA,NA,NA,NA
"556",866,NA,NA,NA,NA,NA,NA,NA,NA
"557",867,NA,NA,NA,NA,NA,NA,NA,NA
"558",868,NA,NA,NA,NA,NA,NA,NA,NA
"559",869,NA,NA,NA,NA,NA,NA,NA,NA
"560",870,NA,NA,NA,NA,NA,NA,NA,NA
"561",871,NA,NA,NA,NA,NA,NA,NA,NA
"562",872,NA,NA,NA,NA,NA,NA,NA,NA
"563",873,NA,NA,NA,NA,NA,NA,NA,NA
"564",874,NA,NA,NA,NA,NA,NA,NA,NA
"565",875,NA,NA,NA,NA,NA,NA,NA,NA
"566",876,NA,NA,NA,NA,NA,NA,NA,NA
"567",877,NA,NA,NA,NA,NA,NA,NA,NA
"568",878,NA,NA,NA,NA,NA,NA,NA,NA
"569",879,NA,NA,NA,NA,NA,NA,NA,NA
"570",880,NA,NA,NA,NA,NA,NA,NA,NA
"571",887,NA,NA,NA,NA,NA,NA,NA,NA
"572",888,NA,NA,NA,NA,NA,NA,NA,NA
"573",889,NA,NA,NA,NA,NA,NA,NA,NA
"574",890,NA,NA,NA,NA,NA,NA,NA,NA
"575",891,NA,NA,NA,NA,NA,NA,NA,NA
"576",892,NA,NA,NA,NA,NA,NA,NA,NA
"577",893,NA,NA,NA,NA,NA,NA,NA,NA
"578",894,NA,NA,NA,NA,NA,NA,NA,NA
"579",895,NA,NA,NA,NA,NA,NA,NA,NA
"580",896,NA,NA,NA,NA,NA,NA,NA,NA
"581",897,NA,NA,NA,NA,NA,NA,NA,NA
"582",898,NA,NA,NA,NA,NA,NA,NA,NA
"583",899,NA,NA,NA,NA,NA,NA,NA,NA
"584",900,NA,NA,NA,NA,NA,NA,NA,NA
"585",901,NA,NA,NA,NA,NA,NA,NA,NA
"586",902,NA,NA,NA,NA,NA,NA,NA,NA
"587",903,NA,NA,NA,NA,NA,NA,NA,NA
"588",904,NA,NA,NA,NA,NA,NA,NA,NA
"589",905,NA,NA,NA,NA,NA,NA,NA,NA
"590",906,NA,NA,NA,NA,NA,NA,NA,NA
"591",914,NA,NA,NA,NA,NA,NA,NA,NA
"592",915,NA,NA,NA,NA,NA,NA,NA,NA
"593",916,NA,NA,NA,NA,NA,NA,NA,NA
"594",917,NA,NA,NA,NA,NA,NA,NA,NA
"595",918,NA,NA,NA,NA,NA,NA,NA,NA
"596",919,NA,NA,NA,NA,NA,NA,NA,NA
"597",920,NA,NA,NA,NA,NA,NA,NA,NA
"598",921,NA,NA,NA,NA,NA,NA,NA,NA
"599",922,NA,NA,NA,NA,NA,NA,NA,NA
"600",923,NA,NA,NA,NA,NA,NA,NA,NA
"601",924,NA,NA,NA,NA,NA,NA,NA,NA
"602",925,NA,NA,NA,NA,NA,NA,NA,NA
"603",926,NA,NA,NA,NA,NA,NA,NA,NA
"604",927,NA,NA,NA,NA,NA,NA,NA,NA
"605",928,NA,NA,NA,NA,NA,NA,NA,NA
"606",929,NA,NA,NA,NA,NA,NA,NA,NA
"607",930,NA,NA,NA,NA,NA,NA,NA,NA
"608",931,NA,NA,NA,NA,NA,NA,NA,NA
"609",932,NA,NA,NA,NA,NA,NA,NA,NA
"610",939,NA,NA,NA,NA,NA,NA,NA,NA
"611",940,NA,NA,NA,NA,NA,NA,NA,NA
"612",941,NA,NA,NA,NA,NA,NA,NA,NA
"613",942,NA,NA,NA,NA,NA,NA,NA,NA
"614",943,NA,NA,NA,NA,NA,NA,NA,NA
"615",944,NA,NA,NA,NA,NA,NA,NA,NA
"616",945,NA,NA,NA,NA,NA,NA,NA,NA
"617",946,NA,NA,NA,NA,NA,NA,NA,NA
"618",947,NA,NA,NA,NA,NA,NA,NA,NA
"619",948,NA,NA,NA,NA,NA,NA,NA,NA
"620",949,NA,NA,NA,NA,NA,NA,NA,NA
"621",950,NA,NA,NA,NA,NA,NA,NA,NA
"622",951,NA,NA,NA,NA,NA,NA,NA,NA
"623",952,NA,NA,NA,NA,NA,NA,NA,NA
"624",953,NA,NA,NA,NA,NA,NA,NA,NA
"625",954,NA,NA,NA,NA,NA,NA,NA,NA
"626",955,NA,NA,NA,NA,NA,NA,NA,NA
"627",956,NA,NA,NA,NA,NA,NA,NA,NA
"628",957,NA,NA,NA,NA,NA,NA,NA,NA
"629",958,NA,NA,NA,NA,NA,NA,NA,NA
"630",965,NA,NA,NA,NA,NA,NA,NA,NA
"631",966,NA,NA,NA,NA,NA,NA,NA,NA
"632",967,NA,NA,NA,NA,NA,NA,NA,NA
"633",968,NA,NA,NA,NA,NA,NA,NA,NA
"634",969,NA,NA,NA,NA,NA,NA,NA,NA
"635",970,NA,NA,NA,NA,NA,NA,NA,NA
"636",971,NA,NA,NA,NA,NA,NA,NA,NA
"637",972,NA,NA,NA,NA,NA,NA,NA,NA
"638",973,NA,NA,NA,NA,NA,NA,NA,NA
"639",974,NA,NA,NA,NA,NA,NA,NA,NA
"640",975,NA,NA,NA,NA,NA,NA,NA,NA
"641",976,NA,NA,NA,NA,NA,NA,NA,NA
"642",977,NA,NA,NA,NA,NA,NA,NA,NA
"643",978,NA,NA,NA,NA,NA,NA,NA,NA
"644",979,NA,NA,NA,NA,NA,NA,NA,NA
"645",980,NA,NA,NA,NA,NA,NA,NA,NA
"646",981,NA,NA,NA,NA,NA,NA,NA,NA
"647",982,NA,NA,NA,NA,NA,NA,NA,NA
"648",983,NA,NA,NA,NA,NA,NA,NA,NA
"649",984,NA,NA,NA,NA,NA,NA,NA,NA
"650",985,NA,NA,NA,NA,NA,NA,NA,NA
"651",986,NA,NA,NA,NA,NA,NA,NA,NA
"652",990,NA,NA,NA,NA,NA,NA,NA,NA
"653",991,NA,NA,NA,NA,NA,NA,NA,NA
"654",992,NA,NA,NA,NA,NA,NA,NA,NA
"655",993,NA,NA,NA,NA,NA,NA,NA,NA
"656",994,NA,NA,NA,NA,NA,NA,NA,NA
"657",995,NA,NA,NA,NA,NA,NA,NA,NA
"658",996,NA,NA,NA,NA,NA,NA,NA,NA
"659",997,NA,NA,NA,NA,NA,NA,NA,NA
"660",998,NA,NA,NA,NA,NA,NA,NA,NA
"661",999,NA,NA,NA,NA,NA,NA,NA,NA
"662",1000,NA,NA,NA,NA,NA,NA,NA,NA
"663",1001,NA,NA,NA,NA,NA,NA,NA,NA
"664",1002,NA,NA,NA,NA,NA,NA,NA,NA
"665",1003,NA,NA,NA,NA,NA,NA,NA,NA
"666",1004,NA,NA,NA,NA,NA,NA,NA,NA
"667",1005,NA,NA,NA,NA,NA,NA,NA,NA
"668",1006,NA,NA,NA,NA,NA,NA,NA,NA
"669",1007,NA,NA,NA,NA,NA,NA,NA,NA
"670",1008,NA,NA,NA,NA,NA,NA,NA,NA
"671",1009,NA,NA,NA,NA,NA,NA,NA,NA
"672",1010,NA,NA,NA,NA,NA,NA,NA,NA
"673",1011,NA,NA,NA,NA,NA,NA,NA,NA
"674",1017,NA,NA,NA,NA,NA,NA,NA,NA
"675",1018,NA,NA,NA,NA,NA,NA,NA,NA
"676",1019,NA,NA,NA,NA,NA,NA,NA,NA
"677",1020,NA,NA,NA,NA,NA,NA,NA,NA
"678",1021,NA,NA,NA,NA,NA,NA,NA,NA
"679",1022,NA,NA,NA,NA,NA,NA,NA,NA
"680",1023,NA,NA,NA,NA,NA,NA,NA,NA
"681",1024,NA,NA,NA,NA,NA,NA,NA,NA
"682",1025,NA,NA,NA,NA,NA,NA,NA,NA
"683",1026,NA,NA,NA,NA,NA,NA,NA,NA
"684",1027,NA,NA,NA,NA,NA,NA,NA,NA
"685",1028,NA,NA,NA,NA,NA,NA,NA,NA
"686",1029,NA,NA,NA,NA,NA,NA,NA,NA
"687",1030,NA,NA,NA,NA,NA,NA,NA,NA
"688",1031,NA,NA,NA,NA,NA,NA,NA,NA
"689",1032,NA,NA,NA,NA,NA,NA,NA,NA
"690",1033,NA,NA,NA,NA,NA,NA,NA,NA
"691",1034,NA,NA,NA,NA,NA,NA,NA,NA
"692",1035,NA,NA,NA,NA,NA,NA,NA,NA
"693",1036,NA,NA,NA,NA,NA,NA,NA,NA
"694",1037,NA,NA,NA,NA,NA,NA,NA,NA
"695",1038,NA,NA,NA,NA,NA,NA,NA,NA
"696",1042,NA,NA,NA,NA,NA,NA,NA,NA
"697",1043,NA,NA,NA,NA,NA,NA,NA,NA
"698",1044,NA,NA,NA,NA,NA,NA,NA,NA
"699",1045,NA,NA,NA,NA,NA,NA,NA,NA
"700",1046,NA,NA,NA,NA,NA,NA,NA,NA
"701",1047,NA,NA,NA,NA,NA,NA,NA,NA
"702",1048,NA,NA,NA,NA,NA,NA,NA,NA
"703",1049,NA,NA,NA,NA,NA,NA,NA,NA
"704",1050,NA,NA,NA,NA,NA,NA,NA,NA
"705",1051,NA,NA,NA,NA,NA,NA,NA,NA
"706",1052,NA,NA,NA,NA,NA,NA,NA,NA
"707",1053,NA,NA,NA,NA,NA,NA,NA,NA
"708",1054,NA,NA,NA,NA,NA,NA,NA,NA
"709",1055,NA,NA,NA,NA,NA,NA,NA,NA
"710",1056,NA,NA,NA,NA,NA,NA,NA,NA
"711",1057,NA,NA,NA,NA,NA,NA,NA,NA
"712",1058,NA,NA,NA,NA,NA,NA,NA,NA
"713",1059,NA,NA,NA,NA,NA,NA,NA,NA
"714",1060,NA,NA,NA,NA,NA,NA,NA,NA
"715",1061,NA,NA,NA,NA,NA,NA,NA,NA
"716",1062,NA,NA,NA,NA,NA,NA,NA,NA
"717",1063,NA,NA,NA,NA,NA,NA,NA,NA
"718",1069,NA,NA,NA,NA,NA,NA,NA,NA
"719",1070,NA,NA,NA,NA,NA,NA,NA,NA
"720",1071,NA,NA,NA,NA,NA,NA,NA,NA
"721",1072,NA,NA,NA,NA,NA,NA,NA,NA
"722",1073,NA,NA,NA,NA,NA,NA,NA,NA
"723",1074,NA,NA,NA,NA,NA,NA,NA,NA
"724",1075,NA,NA,NA,NA,NA,NA,NA,NA
"725",1076,NA,NA,NA,NA,NA,NA,NA,NA
"726",1077,NA,NA,NA,NA,NA,NA,NA,NA
"727",1078,NA,NA,NA,NA,NA,NA,NA,NA
"728",1079,NA,NA,NA,NA,NA,NA,NA,NA
"729",1080,NA,NA,NA,NA,NA,NA,NA,NA
"730",1081,NA,NA,NA,NA,NA,NA,NA,NA
"731",1082,NA,NA,NA,NA,NA,NA,NA,NA
"732",1083,NA,NA,NA,NA,NA,NA,NA,NA
"733",1084,NA,NA,NA,NA,NA,NA,NA,NA
"734",1085,NA,NA,NA,NA,NA,NA,NA,NA
"735",1086,NA,NA,NA,NA,NA,NA,NA,NA
"736",1087,NA,NA,NA,NA,NA,NA,NA,NA
"737",1088,NA,NA,NA,NA,NA,NA,NA,NA
"738",1089,NA,NA,NA,NA,NA,NA,NA,NA
"739",1094,NA,NA,NA,NA,NA,NA,NA,NA
"740",1095,NA,NA,NA,NA,NA,NA,NA,NA
"741",1096,NA,NA,NA,NA,NA,NA,NA,NA
"742",1097,NA,NA,NA,NA,NA,NA,NA,NA
"743",1098,NA,NA,NA,NA,NA,NA,NA,NA
"744",1099,NA,NA,NA,NA,NA,NA,NA,NA
"745",1100,NA,NA,NA,NA,NA,NA,NA,NA
"746",1101,NA,NA,NA,NA,NA,NA,NA,NA
"747",1102,NA,NA,NA,NA,NA,NA,NA,NA
"748",1103,NA,NA,NA,NA,NA,NA,NA,NA
"749",1104,NA,NA,NA,NA,NA,NA,NA,NA
"750",1105,NA,NA,NA,NA,NA,NA,NA,NA
"751",1106,NA,NA,NA,NA,NA,NA,NA,NA
"752",1107,NA,NA,NA,NA,NA,NA,NA,NA
"753",1108,NA,NA,NA,NA,NA,NA,NA,NA
"754",1109,NA,NA,NA,NA,NA,NA,NA,NA
"755",1110,NA,NA,NA,NA,NA,NA,NA,NA
"756",1111,NA,NA,NA,NA,NA,NA,NA,NA
"757",1112,NA,NA,NA,NA,NA,NA,NA,NA
"758",1113,NA,NA,NA,NA,NA,NA,NA,NA
"759",1114,NA,NA,NA,NA,NA,NA,NA,NA
"760",1115,NA,NA,NA,NA,NA,NA,NA,NA
"761",1121,NA,NA,NA,NA,NA,NA,NA,NA
"762",1122,NA,NA,NA,NA,NA,NA,NA,NA
"763",1123,NA,NA,NA,NA,NA,NA,NA,NA
"764",1124,NA,NA,NA,NA,NA,NA,NA,NA
"765",1125,NA,NA,NA,NA,NA,NA,NA,NA
"766",1126,NA,NA,NA,NA,NA,NA,NA,NA
"767",1127,NA,NA,NA,NA,NA,NA,NA,NA
"768",1128,NA,NA,NA,NA,NA,NA,NA,NA
"769",1129,NA,NA,NA,NA,NA,NA,NA,NA
"770",1130,NA,NA,NA,NA,NA,NA,NA,NA
"771",1131,NA,NA,NA,NA,NA,NA,NA,NA
"772",1132,NA,NA,NA,NA,NA,NA,NA,NA
"773",1133,NA,NA,NA,NA,NA,NA,NA,NA
"774",1134,NA,NA,NA,NA,NA,NA,NA,NA
"775",1135,NA,NA,NA,NA,NA,NA,NA,NA
"776",1136,NA,NA,NA,NA,NA,NA,NA,NA
"777",1137,NA,NA,NA,NA,NA,NA,NA,NA
"778",1138,NA,NA,NA,NA,NA,NA,NA,NA
"779",1139,NA,NA,NA,NA,NA,NA,NA,NA
"780",1140,NA,NA,NA,NA,NA,NA,NA,NA
"781",1141,NA,NA,NA,NA,NA,NA,NA,NA
"782",1142,NA,NA,NA,NA,NA,NA,NA,NA
"783",1147,NA,NA,NA,NA,NA,NA,NA,NA
"784",1148,NA,NA,NA,NA,NA,NA,NA,NA
"785",1149,NA,NA,NA,NA,NA,NA,NA,NA
"786",1150,NA,NA,NA,NA,NA,NA,NA,NA
"787",1151,NA,NA,NA,NA,NA,NA,NA,NA
"788",1152,NA,NA,NA,NA,NA,NA,NA,NA
"789",1153,NA,NA,NA,NA,NA,NA,NA,NA
"790",1154,NA,NA,NA,NA,NA,NA,NA,NA
"791",1155,NA,NA,NA,NA,NA,NA,NA,NA
"792",1156,NA,NA,NA,NA,NA,NA,NA,NA
"793",1157,NA,NA,NA,NA,NA,NA,NA,NA
"794",1158,NA,NA,NA,NA,NA,NA,NA,NA
"795",1159,NA,NA,NA,NA,NA,NA,NA,NA
"796",1160,NA,NA,NA,NA,NA,NA,NA,NA
"797",1161,NA,NA,NA,NA,NA,NA,NA,NA
"798",1162,NA,NA,NA,NA,NA,NA,NA,NA
"799",1163,NA,NA,NA,NA,NA,NA,NA,NA
"800",1164,NA,NA,NA,NA,NA,NA,NA,NA
"801",1165,NA,NA,NA,NA,NA,NA,NA,NA
"802",1166,NA,NA,NA,NA,NA,NA,NA,NA
"803",1167,NA,NA,NA,NA,NA,NA,NA,NA
"804",1168,NA,NA,NA,NA,NA,NA,NA,NA
"805",1174,NA,NA,NA,NA,NA,NA,NA,NA
"806",1175,NA,NA,NA,NA,NA,NA,NA,NA
"807",1176,NA,NA,NA,NA,NA,NA,NA,NA
"808",1177,NA,NA,NA,NA,NA,NA,NA,NA
"809",1178,NA,NA,NA,NA,NA,NA,NA,NA
"810",1179,NA,NA,NA,NA,NA,NA,NA,NA
"811",1180,NA,NA,NA,NA,NA,NA,NA,NA
"812",1181,NA,NA,NA,NA,NA,NA,NA,NA
"813",1182,NA,NA,NA,NA,NA,NA,NA,NA
"814",1183,NA,NA,NA,NA,NA,NA,NA,NA
"815",1184,NA,NA,NA,NA,NA,NA,NA,NA
"816",1185,NA,NA,NA,NA,NA,NA,NA,NA
"817",1186,NA,NA,NA,NA,NA,NA,NA,NA
"818",1187,NA,NA,NA,NA,NA,NA,NA,NA
"819",1188,NA,NA,NA,NA,NA,NA,NA,NA
"820",1189,NA,NA,NA,NA,NA,NA,NA,NA
"821",1190,NA,NA,NA,NA,NA,NA,NA,NA
"822",1191,NA,NA,NA,NA,NA,NA,NA,NA
"823",1192,NA,NA,NA,NA,NA,NA,NA,NA
"824",1193,NA,NA,NA,NA,NA,NA,NA,NA
"825",1194,NA,NA,NA,NA,NA,NA,NA,NA
"826",1199,NA,NA,NA,NA,NA,NA,NA,NA
"827",1200,NA,NA,NA,NA,NA,NA,NA,NA
"828",1201,NA,NA,NA,NA,NA,NA,NA,NA
"829",1202,NA,NA,NA,NA,NA,NA,NA,NA
"830",1203,NA,NA,NA,NA,NA,NA,NA,NA
"831",1204,NA,NA,NA,NA,NA,NA,NA,NA
"832",1205,NA,NA,NA,NA,NA,NA,NA,NA
"833",1206,NA,NA,NA,NA,NA,NA,NA,NA
"834",1207,NA,NA,NA,NA,NA,NA,NA,NA
"835",1208,NA,NA,NA,NA,NA,NA,NA,NA
"836",1209,NA,NA,NA,NA,NA,NA,NA,NA
"837",1210,NA,NA,NA,NA,NA,NA,NA,NA
"838",1211,NA,NA,NA,NA,NA,NA,NA,NA
"839",1212,NA,NA,NA,NA,NA,NA,NA,NA
"840",1213,NA,NA,NA,NA,NA,NA,NA,NA
"841",1214,NA,NA,NA,NA,NA,NA,NA,NA
"842",1215,NA,NA,NA,NA,NA,NA,NA,NA
"843",1216,NA,NA,NA,NA,NA,NA,NA,NA
"844",1217,NA,NA,NA,NA,NA,NA,NA,NA
"845",1218,NA,NA,NA,NA,NA,NA,NA,NA
"846",1219,NA,NA,NA,NA,NA,NA,NA,NA
"847",1220,NA,NA,NA,NA,NA,NA,NA,NA
"848",1226,NA,NA,NA,NA,NA,NA,NA,NA
"849",1227,NA,NA,NA,NA,NA,NA,NA,NA
"850",1228,NA,NA,NA,NA,NA,NA,NA,NA
"851",1229,NA,NA,NA,NA,NA,NA,NA,NA
"852",1230,NA,NA,NA,NA,NA,NA,NA,NA
"853",1231,NA,NA,NA,NA,NA,NA,NA,NA
"854",1232,NA,NA,NA,NA,NA,NA,NA,NA
"855",1233,NA,NA,NA,NA,NA,NA,NA,NA
"856",1234,NA,NA,NA,NA,NA,NA,NA,NA
"857",1235,NA,NA,NA,NA,NA,NA,NA,NA
"858",1236,NA,NA,NA,NA,NA,NA,NA,NA
"859",1237,NA,NA,NA,NA,NA,NA,NA,NA
"860",1238,NA,NA,NA,NA,NA,NA,NA,NA
"861",1239,NA,NA,NA,NA,NA,NA,NA,NA
"862",1240,NA,NA,NA,NA,NA,NA,NA,NA
"863",1241,NA,NA,NA,NA,NA,NA,NA,NA
"864",1242,NA,NA,NA,NA,NA,NA,NA,NA
"865",1243,NA,NA,NA,NA,NA,NA,NA,NA
"866",1244,NA,NA,NA,NA,NA,NA,NA,NA
"867",1245,NA,NA,NA,NA,NA,NA,NA,NA
"868",1246,NA,NA,NA,NA,NA,NA,NA,NA
"869",1251,NA,NA,NA,NA,NA,NA,NA,NA
"870",1252,NA,NA,NA,NA,NA,NA,NA,NA
"871",1253,NA,NA,NA,NA,NA,NA,NA,NA
"872",1254,NA,NA,NA,NA,NA,NA,NA,NA
"873",1255,NA,NA,NA,NA,NA,NA,NA,NA
"874",1256,NA,NA,NA,NA,NA,NA,NA,NA
"875",1257,NA,NA,NA,NA,NA,NA,NA,NA
"876",1258,NA,NA,NA,NA,NA,NA,NA,NA
"877",1259,NA,NA,NA,NA,NA,NA,NA,NA
"878",1260,NA,NA,NA,NA,NA,NA,NA,NA
"879",1261,NA,NA,NA,NA,NA,NA,NA,NA
"880",1262,NA,NA,NA,NA,NA,NA,NA,NA
"881",1263,NA,NA,NA,NA,NA,NA,NA,NA
"882",1264,NA,NA,NA,NA,NA,NA,NA,NA
"883",1265,NA,NA,NA,NA,NA,NA,NA,NA
"884",1266,NA,NA,NA,NA,NA,NA,NA,NA
"885",1267,NA,NA,NA,NA,NA,NA,NA,NA
"886",1268,NA,NA,NA,NA,NA,NA,NA,NA
"887",1269,NA,NA,NA,NA,NA,NA,NA,NA
"888",1270,NA,NA,NA,NA,NA,NA,NA,NA
"889",1271,NA,NA,NA,NA,NA,NA,NA,NA
"890",1278,NA,NA,NA,NA,NA,NA,NA,NA
"891",1279,NA,NA,NA,NA,NA,NA,NA,NA
"892",1280,NA,NA,NA,NA,NA,NA,NA,NA
"893",1281,NA,NA,NA,NA,NA,NA,NA,NA
"894",1282,NA,NA,NA,NA,NA,NA,NA,NA
"895",1283,NA,NA,NA,NA,NA,NA,NA,NA
"896",1284,NA,NA,NA,NA,NA,NA,NA,NA
"897",1285,NA,NA,NA,NA,NA,NA,NA,NA
"898",1286,NA,NA,NA,NA,NA,NA,NA,NA
"899",1287,NA,NA,NA,NA,NA,NA,NA,NA
"900",1288,NA,NA,NA,NA,NA,NA,NA,NA
"901",1289,NA,NA,NA,NA,NA,NA,NA,NA
"902",1290,NA,NA,NA,NA,NA,NA,NA,NA
"903",1291,NA,NA,NA,NA,NA,NA,NA,NA
"904",1292,NA,NA,NA,NA,NA,NA,NA,NA
"905",1293,NA,NA,NA,NA,NA,NA,NA,NA
"906",1294,NA,NA,NA,NA,NA,NA,NA,NA
"907",1295,NA,NA,NA,NA,NA,NA,NA,NA
"908",1296,NA,NA,NA,NA,NA,NA,NA,NA
"909",1297,NA,NA,NA,NA,NA,NA,NA,NA
"910",1303,NA,NA,NA,NA,NA,NA,NA,NA
"911",1304,NA,NA,NA,NA,NA,NA,NA,NA
"912",1305,NA,NA,NA,NA,NA,NA,NA,NA
"913",1306,NA,NA,NA,NA,NA,NA,NA,NA
"914",1307,NA,NA,NA,NA,NA,NA,NA,NA
"915",1308,NA,NA,NA,NA,NA,NA,NA,NA
"916",1309,NA,NA,NA,NA,NA,NA,NA,NA
"917",1310,NA,NA,NA,NA,NA,NA,NA,NA
"918",1311,NA,NA,NA,NA,NA,NA,NA,NA
"919",1312,NA,NA,NA,NA,NA,NA,NA,NA
"920",1313,NA,NA,NA,NA,NA,NA,NA,NA
"921",1314,NA,NA,NA,NA,NA,NA,NA,NA
"922",1315,NA,NA,NA,NA,NA,NA,NA,NA
"923",1316,NA,NA,NA,NA,NA,NA,NA,NA
"924",1317,NA,NA,NA,NA,NA,NA,NA,NA
"925",1318,NA,NA,NA,NA,NA,NA,NA,NA
"926",1319,NA,NA,NA,NA,NA,NA,NA,NA
"927",1320,NA,NA,NA,NA,NA,NA,NA,NA
"928",1321,NA,NA,NA,NA,NA,NA,NA,NA
"929",1322,NA,NA,NA,NA,NA,NA,NA,NA
"930",1329,NA,NA,NA,NA,NA,NA,NA,NA
"931",1330,NA,NA,NA,NA,NA,NA,NA,NA
"932",1331,NA,NA,NA,NA,NA,NA,NA,NA
"933",1332,NA,NA,NA,NA,NA,NA,NA,NA
"934",1333,NA,NA,NA,NA,NA,NA,NA,NA
"935",1334,NA,NA,NA,NA,NA,NA,NA,NA
"936",1335,NA,NA,NA,NA,NA,NA,NA,NA
"937",1336,NA,NA,NA,NA,NA,NA,NA,NA
"938",1337,NA,NA,NA,NA,NA,NA,NA,NA
"939",1338,NA,NA,NA,NA,NA,NA,NA,NA
"940",1339,NA,NA,NA,NA,NA,NA,NA,NA
"941",1340,NA,NA,NA,NA,NA,NA,NA,NA
"942",1341,NA,NA,NA,NA,NA,NA,NA,NA
"943",1342,NA,NA,NA,NA,NA,NA,NA,NA
"944",1343,NA,NA,NA,NA,NA,NA,NA,NA
"945",1344,NA,NA,NA,NA,NA,NA,NA,NA
"946",1345,NA,NA,NA,NA,NA,NA,NA,NA
"947",1346,NA,NA,NA,NA,NA,NA,NA,NA
"948",1347,NA,NA,NA,NA,NA,NA,NA,NA
"949",1348,NA,NA,NA,NA,NA,NA,NA,NA
"950",1349,NA,NA,NA,NA,NA,NA,NA,NA
"951",1354,NA,NA,NA,NA,NA,NA,NA,NA
"952",1355,NA,NA,NA,NA,NA,NA,NA,NA
"953",1356,NA,NA,NA,NA,NA,NA,NA,NA
"954",1357,NA,NA,NA,NA,NA,NA,NA,NA
"955",1358,NA,NA,NA,NA,NA,NA,NA,NA
"956",1359,NA,NA,NA,NA,NA,NA,NA,NA
"957",1360,NA,NA,NA,NA,NA,NA,NA,NA
"958",1361,NA,NA,NA,NA,NA,NA,NA,NA
"959",1362,NA,NA,NA,NA,NA,NA,NA,NA
"960",1363,NA,NA,NA,NA,NA,NA,NA,NA
"961",1364,NA,NA,NA,NA,NA,NA,NA,NA
"962",1365,NA,NA,NA,NA,NA,NA,NA,NA
"963",1366,NA,NA,NA,NA,NA,NA,NA,NA
"964",1367,NA,NA,NA,NA,NA,NA,NA,NA
"965",1368,NA,NA,NA,NA,NA,NA,NA,NA
"966",1369,NA,NA,NA,NA,NA,NA,NA,NA
"967",1370,NA,NA,NA,NA,NA,NA,NA,NA
"968",1371,NA,NA,NA,NA,NA,NA,NA,NA
"969",1372,NA,NA,NA,NA,NA,NA,NA,NA
"970",1373,NA,NA,NA,NA,NA,NA,NA,NA
"971",1374,NA,NA,NA,NA,NA,NA,NA,NA
"972",1375,NA,NA,NA,NA,NA,NA,NA,NA
"973",1376,NA,NA,NA,NA,NA,NA,NA,NA
"974",1381,NA,NA,NA,NA,NA,NA,NA,NA
"975",1382,NA,NA,NA,NA,NA,NA,NA,NA
"976",1383,NA,NA,NA,NA,NA,NA,NA,NA
"977",1384,NA,NA,NA,NA,NA,NA,NA,NA
"978",1385,NA,NA,NA,NA,NA,NA,NA,NA
"979",1386,NA,NA,NA,NA,NA,NA,NA,NA
"980",1387,NA,NA,NA,NA,NA,NA,NA,NA
"981",1388,NA,NA,NA,NA,NA,NA,NA,NA
"982",1389,NA,NA,NA,NA,NA,NA,NA,NA
"983",1390,NA,NA,NA,NA,NA,NA,NA,NA
"984",1391,NA,NA,NA,NA,NA,NA,NA,NA
"985",1392,NA,NA,NA,NA,NA,NA,NA,NA
"986",1393,NA,NA,NA,NA,NA,NA,NA,NA
"987",1394,NA,NA,NA,NA,NA,NA,NA,NA
"988",1395,NA,NA,NA,NA,NA,NA,NA,NA
"989",1396,NA,NA,NA,NA,NA,NA,NA,NA
"990",1397,NA,NA,NA,NA,NA,NA,NA,NA
"991",1398,NA,NA,NA,NA,NA,NA,NA,NA
"992",1399,NA,NA,NA,NA,NA,NA,NA,NA
"993",1400,NA,NA,NA,NA,NA,NA,NA,NA
"994",1401,NA,NA,NA,NA,NA,NA,NA,NA
"995",1402,NA,NA,NA,NA,NA,NA,NA,NA
"996",1406,NA,NA,NA,NA,NA,NA,NA,NA
"997",1407,NA,NA,NA,NA,NA,NA,NA,NA
"998",1408,NA,NA,NA,NA,NA,NA,NA,NA
"999",1409,NA,NA,NA,NA,NA,NA,NA,NA
"1000",1410,NA,NA,NA,NA,NA,NA,NA,NA
"1001",1411,NA,NA,NA,NA,NA,NA,NA,NA
"1002",1412,NA,NA,NA,NA,NA,NA,NA,NA
"1003",1413,NA,NA,NA,NA,NA,NA,NA,NA
"1004",1414,NA,NA,NA,NA,NA,NA,NA,NA
"1005",1415,NA,NA,NA,NA,NA,NA,NA,NA
"1006",1416,NA,NA,NA,NA,NA,NA,NA,NA
"1007",1417,NA,NA,NA,NA,NA,NA,NA,NA
"1008",1418,NA,NA,NA,NA,NA,NA,NA,NA
"1009",1419,NA,NA,NA,NA,NA,NA,NA,NA
"1010",1420,NA,NA,NA,NA,NA,NA,NA,NA
"1011",1421,NA,NA,NA,NA,NA,NA,NA,NA
"1012",1422,NA,NA,NA,NA,NA,NA,NA,NA
"1013",1423,NA,NA,NA,NA,NA,NA,NA,NA
"1014",1424,NA,NA,NA,NA,NA,NA,NA,NA
"1015",1425,NA,NA,NA,NA,NA,NA,NA,NA
"1016",1426,NA,NA,NA,NA,NA,NA,NA,NA
"1017",1427,NA,NA,NA,NA,NA,NA,NA,NA
"1018",1428,NA,NA,NA,NA,NA,NA,NA,NA
"1019",1433,NA,NA,NA,NA,NA,NA,NA,NA
"1020",1434,NA,NA,NA,NA,NA,NA,NA,NA
"1021",1435,NA,NA,NA,NA,NA,NA,NA,NA
"1022",1436,NA,NA,NA,NA,NA,NA,NA,NA
"1023",1437,NA,NA,NA,NA,NA,NA,NA,NA
"1024",1438,NA,NA,NA,NA,NA,NA,NA,NA
"1025",1439,NA,NA,NA,NA,NA,NA,NA,NA
"1026",1440,NA,NA,NA,NA,NA,NA,NA,NA
"1027",1441,NA,NA,NA,NA,NA,NA,NA,NA
"1028",1442,NA,NA,NA,NA,NA,NA,NA,NA
"1029",1443,NA,NA,NA,NA,NA,NA,NA,NA
"1030",1444,NA,NA,NA,NA,NA,NA,NA,NA
"1031",1445,NA,NA,NA,NA,NA,NA,NA,NA
"1032",1446,NA,NA,NA,NA,NA,NA,NA,NA
"1033",1447,NA,NA,NA,NA,NA,NA,NA,NA
"1034",1448,NA,NA,NA,NA,NA,NA,NA,NA
"1035",1449,NA,NA,NA,NA,NA,NA,NA,NA
"1036",1450,NA,NA,NA,NA,NA,NA,NA,NA
"1037",1451,NA,NA,NA,NA,NA,NA,NA,NA
"1038",1452,NA,NA,NA,NA,NA,NA,NA,NA
"1039",1453,NA,NA,NA,NA,NA,NA,NA,NA
"1040",1454,NA,NA,NA,NA,NA,NA,NA,NA
"1041",1455,NA,NA,NA,NA,NA,NA,NA,NA
"1042",1458,NA,NA,NA,NA,NA,NA,NA,NA
"1043",1459,NA,NA,NA,NA,NA,NA,NA,NA
"1044",1460,NA,NA,NA,NA,NA,NA,NA,NA
"1045",1461,NA,NA,NA,NA,NA,NA,NA,NA
"1046",1462,NA,NA,NA,NA,NA,NA,NA,NA
"1047",1463,NA,NA,NA,NA,NA,NA,NA,NA
"1048",1464,NA,NA,NA,NA,NA,NA,NA,NA
"1049",1465,NA,NA,NA,NA,NA,NA,NA,NA
"1050",1466,NA,NA,NA,NA,NA,NA,NA,NA
"1051",1467,NA,NA,NA,NA,NA,NA,NA,NA
"1052",1468,NA,NA,NA,NA,NA,NA,NA,NA
"1053",1469,NA,NA,NA,NA,NA,NA,NA,NA
"1054",1470,NA,NA,NA,NA,NA,NA,NA,NA
"1055",1471,NA,NA,NA,NA,NA,NA,NA,NA
"1056",1472,NA,NA,NA,NA,NA,NA,NA,NA
"1057",1473,NA,NA,NA,NA,NA,NA,NA,NA
"1058",1474,NA,NA,NA,NA,NA,NA,NA,NA
"1059",1475,NA,NA,NA,NA,NA,NA,NA,NA
"1060",1476,NA,NA,NA,NA,NA,NA,NA,NA
"1061",1477,NA,NA,NA,NA,NA,NA,NA,NA
"1062",1478,NA,NA,NA,NA,NA,NA,NA,NA
"1063",1479,NA,NA,NA,NA,NA,NA,NA,NA
"1064",1480,NA,NA,NA,NA,NA,NA,NA,NA
"1065",1481,NA,NA,NA,NA,NA,NA,NA,NA
"1066",1484,NA,NA,NA,NA,NA,NA,NA,NA
"1067",1485,NA,NA,NA,NA,NA,NA,NA,NA
"1068",1486,NA,NA,NA,NA,NA,NA,NA,NA
"1069",1487,NA,NA,NA,NA,NA,NA,NA,NA
"1070",1488,NA,NA,NA,NA,NA,NA,NA,NA
"1071",1489,NA,NA,NA,NA,NA,NA,NA,NA
"1072",1490,NA,NA,NA,NA,NA,NA,NA,NA
"1073",1491,NA,NA,NA,NA,NA,NA,NA,NA
"1074",1492,NA,NA,NA,NA,NA,NA,NA,NA
"1075",1493,NA,NA,NA,NA,NA,NA,NA,NA
"1076",1494,NA,NA,NA,NA,NA,NA,NA,NA
"1077",1495,NA,NA,NA,NA,NA,NA,NA,NA
"1078",1496,NA,NA,NA,NA,NA,NA,NA,NA
"1079",1497,NA,NA,NA,NA,NA,NA,NA,NA
"1080",1498,NA,NA,NA,NA,NA,NA,NA,NA
"1081",1499,NA,NA,NA,NA,NA,NA,NA,NA
"1082",1500,NA,NA,NA,NA,NA,NA,NA,NA
"1083",1501,NA,NA,NA,NA,NA,NA,NA,NA
"1084",1502,NA,NA,NA,NA,NA,NA,NA,NA
"1085",1503,NA,NA,NA,NA,NA,NA,NA,NA
"1086",1504,NA,NA,NA,NA,NA,NA,NA,NA
"1087",1505,NA,NA,NA,NA,NA,NA,NA,NA
"1088",1506,NA,NA,NA,NA,NA,NA,NA,NA
"1089",1509,NA,NA,NA,NA,NA,NA,NA,NA
"1090",1510,NA,NA,NA,NA,NA,NA,NA,NA
"1091",1511,NA,NA,NA,NA,NA,NA,NA,NA
"1092",1512,NA,NA,NA,NA,NA,NA,NA,NA
"1093",1513,NA,NA,NA,NA,NA,NA,NA,NA
"1094",1514,NA,NA,NA,NA,NA,NA,NA,NA
"1095",1515,NA,NA,NA,NA,NA,NA,NA,NA
"1096",1516,NA,NA,NA,NA,NA,NA,NA,NA
"1097",1517,NA,NA,NA,NA,NA,NA,NA,NA
"1098",1518,NA,NA,NA,NA,NA,NA,NA,NA
"1099",1519,NA,NA,NA,NA,NA,NA,NA,NA
"1100",1520,NA,NA,NA,NA,NA,NA,NA,NA
"1101",1521,NA,NA,NA,NA,NA,NA,NA,NA
"1102",1522,NA,NA,NA,NA,NA,NA,NA,NA
"1103",1523,NA,NA,NA,NA,NA,NA,NA,NA
"1104",1524,NA,NA,NA,NA,NA,NA,NA,NA
"1105",1525,NA,NA,NA,NA,NA,NA,NA,NA
"1106",1526,NA,NA,NA,NA,NA,NA,NA,NA
"1107",1527,NA,NA,NA,NA,NA,NA,NA,NA
"1108",1528,NA,NA,NA,NA,NA,NA,NA,NA
"1109",1536,NA,NA,NA,NA,NA,NA,NA,NA
"1110",1537,NA,NA,NA,NA,NA,NA,NA,NA
"1111",1538,NA,NA,NA,NA,NA,NA,NA,NA
"1112",1539,NA,NA,NA,NA,NA,NA,NA,NA
"1113",1540,NA,NA,NA,NA,NA,NA,NA,NA
"1114",1541,NA,NA,NA,NA,NA,NA,NA,NA
"1115",1542,NA,NA,NA,NA,NA,NA,NA,NA
"1116",1543,NA,NA,NA,NA,NA,NA,NA,NA
"1117",1544,NA,NA,NA,NA,NA,NA,NA,NA
"1118",1545,NA,NA,NA,NA,NA,NA,NA,NA
"1119",1546,NA,NA,NA,NA,NA,NA,NA,NA
"1120",1547,NA,NA,NA,NA,NA,NA,NA,NA
"1121",1548,NA,NA,NA,NA,NA,NA,NA,NA
"1122",1549,NA,NA,NA,NA,NA,NA,NA,NA
"1123",1550,NA,NA,NA,NA,NA,NA,NA,NA
"1124",1551,NA,NA,NA,NA,NA,NA,NA,NA
"1125",1552,NA,NA,NA,NA,NA,NA,NA,NA
"1126",1553,NA,NA,NA,NA,NA,NA,NA,NA
"1127",1554,NA,NA,NA,NA,NA,NA,NA,NA
"1128",1555,NA,NA,NA,NA,NA,NA,NA,NA
"1129",1561,NA,NA,NA,NA,NA,NA,NA,NA
"1130",1562,NA,NA,NA,NA,NA,NA,NA,NA
"1131",1563,NA,NA,NA,NA,NA,NA,NA,NA
"1132",1564,NA,NA,NA,NA,NA,NA,NA,NA
"1133",1565,NA,NA,NA,NA,NA,NA,NA,NA
"1134",1566,NA,NA,NA,NA,NA,NA,NA,NA
"1135",1567,NA,NA,NA,NA,NA,NA,NA,NA
"1136",1568,NA,NA,NA,NA,NA,NA,NA,NA
"1137",1569,NA,NA,NA,NA,NA,NA,NA,NA
"1138",1570,NA,NA,NA,NA,NA,NA,NA,NA
"1139",1571,NA,NA,NA,NA,NA,NA,NA,NA
"1140",1572,NA,NA,NA,NA,NA,NA,NA,NA
"1141",1573,NA,NA,NA,NA,NA,NA,NA,NA
"1142",1574,NA,NA,NA,NA,NA,NA,NA,NA
"1143",1575,NA,NA,NA,NA,NA,NA,NA,NA
"1144",1576,NA,NA,NA,NA,NA,NA,NA,NA
"1145",1577,NA,NA,NA,NA,NA,NA,NA,NA
"1146",1578,NA,NA,NA,NA,NA,NA,NA,NA
"1147",1579,NA,NA,NA,NA,NA,NA,NA,NA
"1148",1580,NA,NA,NA,NA,NA,NA,NA,NA
"1149",1587,NA,NA,NA,NA,NA,NA,NA,NA
"1150",1588,NA,NA,NA,NA,NA,NA,NA,NA
"1151",1589,NA,NA,NA,NA,NA,NA,NA,NA
"1152",1590,NA,NA,NA,NA,NA,NA,NA,NA
"1153",1591,NA,NA,NA,NA,NA,NA,NA,NA
"1154",1592,NA,NA,NA,NA,NA,NA,NA,NA
"1155",1593,NA,NA,NA,NA,NA,NA,NA,NA
"1156",1594,NA,NA,NA,NA,NA,NA,NA,NA
"1157",1595,NA,NA,NA,NA,NA,NA,NA,NA
"1158",1596,NA,NA,NA,NA,NA,NA,NA,NA
"1159",1597,NA,NA,NA,NA,NA,NA,NA,NA
"1160",1598,NA,NA,NA,NA,NA,NA,NA,NA
"1161",1599,NA,NA,NA,NA,NA,NA,NA,NA
"1162",1600,NA,NA,NA,NA,NA,NA,NA,NA
"1163",1601,NA,NA,NA,NA,NA,NA,NA,NA
"1164",1602,NA,NA,NA,NA,NA,NA,NA,NA
"1165",1603,NA,NA,NA,NA,NA,NA,NA,NA
"1166",1604,NA,NA,NA,NA,NA,NA,NA,NA
"1167",1605,NA,NA,NA,NA,NA,NA,NA,NA
"1168",1606,NA,NA,NA,NA,NA,NA,NA,NA
"1169",1607,NA,NA,NA,NA,NA,NA,NA,NA
"1170",1613,NA,NA,NA,NA,NA,NA,NA,NA
"1171",1614,NA,NA,NA,NA,NA,NA,NA,NA
"1172",1615,NA,NA,NA,NA,NA,NA,NA,NA
"1173",1616,NA,NA,NA,NA,NA,NA,NA,NA
"1174",1617,NA,NA,NA,NA,NA,NA,NA,NA
"1175",1618,NA,NA,NA,NA,NA,NA,NA,NA
"1176",1619,NA,NA,NA,NA,NA,NA,NA,NA
"1177",1620,NA,NA,NA,NA,NA,NA,NA,NA
"1178",1621,NA,NA,NA,NA,NA,NA,NA,NA
"1179",1622,NA,NA,NA,NA,NA,NA,NA,NA
"1180",1623,NA,NA,NA,NA,NA,NA,NA,NA
"1181",1624,NA,NA,NA,NA,NA,NA,NA,NA
"1182",1625,NA,NA,NA,NA,NA,NA,NA,NA
"1183",1626,NA,NA,NA,NA,NA,NA,NA,NA
"1184",1627,NA,NA,NA,NA,NA,NA,NA,NA
"1185",1628,NA,NA,NA,NA,NA,NA,NA,NA
"1186",1629,NA,NA,NA,NA,NA,NA,NA,NA
"1187",1630,NA,NA,NA,NA,NA,NA,NA,NA
"1188",1631,NA,NA,NA,NA,NA,NA,NA,NA
"1189",1632,NA,NA,NA,NA,NA,NA,NA,NA
"1190",1639,NA,NA,NA,NA,NA,NA,NA,NA
"1191",1640,NA,NA,NA,NA,NA,NA,NA,NA
"1192",1641,NA,NA,NA,NA,NA,NA,NA,NA
"1193",1642,NA,NA,NA,NA,NA,NA,NA,NA
"1194",1643,NA,NA,NA,NA,NA,NA,NA,NA
"1195",1644,NA,NA,NA,NA,NA,NA,NA,NA
"1196",1645,NA,NA,NA,NA,NA,NA,NA,NA
"1197",1646,NA,NA,NA,NA,NA,NA,NA,NA
"1198",1647,NA,NA,NA,NA,NA,NA,NA,NA
"1199",1648,NA,NA,NA,NA,NA,NA,NA,NA
"1200",1649,NA,NA,NA,NA,NA,NA,NA,NA
"1201",1650,NA,NA,NA,NA,NA,NA,NA,NA
"1202",1651,NA,NA,NA,NA,NA,NA,NA,NA
"1203",1652,NA,NA,NA,NA,NA,NA,NA,NA
"1204",1653,NA,NA,NA,NA,NA,NA,NA,NA
"1205",1654,NA,NA,NA,NA,NA,NA,NA,NA
"1206",1655,NA,NA,NA,NA,NA,NA,NA,NA
"1207",1656,NA,NA,NA,NA,NA,NA,NA,NA
"1208",1657,NA,NA,NA,NA,NA,NA,NA,NA
"1209",1658,NA,NA,NA,NA,NA,NA,NA,NA
"1210",1665,NA,NA,NA,NA,NA,NA,NA,NA
"1211",1666,NA,NA,NA,NA,NA,NA,NA,NA
"1212",1667,NA,NA,NA,NA,NA,NA,NA,NA
"1213",1668,NA,NA,NA,NA,NA,NA,NA,NA
"1214",1669,NA,NA,NA,NA,NA,NA,NA,NA
"1215",1670,NA,NA,NA,NA,NA,NA,NA,NA
"1216",1671,NA,NA,NA,NA,NA,NA,NA,NA
"1217",1672,NA,NA,NA,NA,NA,NA,NA,NA
"1218",1673,NA,NA,NA,NA,NA,NA,NA,NA
"1219",1674,NA,NA,NA,NA,NA,NA,NA,NA
"1220",1675,NA,NA,NA,NA,NA,NA,NA,NA
"1221",1676,NA,NA,NA,NA,NA,NA,NA,NA
"1222",1677,NA,NA,NA,NA,NA,NA,NA,NA
"1223",1678,NA,NA,NA,NA,NA,NA,NA,NA
"1224",1679,NA,NA,NA,NA,NA,NA,NA,NA
"1225",1680,NA,NA,NA,NA,NA,NA,NA,NA
"1226",1681,NA,NA,NA,NA,NA,NA,NA,NA
"1227",1682,NA,NA,NA,NA,NA,NA,NA,NA
"1228",1683,NA,NA,NA,NA,NA,NA,NA,NA
"1229",1684,NA,NA,NA,NA,NA,NA,NA,NA
"1230",1691,NA,NA,NA,NA,NA,NA,NA,NA
"1231",1692,NA,NA,NA,NA,NA,NA,NA,NA
"1232",1693,NA,NA,NA,NA,NA,NA,NA,NA
"1233",1694,NA,NA,NA,NA,NA,NA,NA,NA
"1234",1695,NA,NA,NA,NA,NA,NA,NA,NA
"1235",1696,NA,NA,NA,NA,NA,NA,NA,NA
"1236",1697,NA,NA,NA,NA,NA,NA,NA,NA
"1237",1698,NA,NA,NA,NA,NA,NA,NA,NA
"1238",1699,NA,NA,NA,NA,NA,NA,NA,NA
"1239",1700,NA,NA,NA,NA,NA,NA,NA,NA
"1240",1701,NA,NA,NA,NA,NA,NA,NA,NA
"1241",1702,NA,NA,NA,NA,NA,NA,NA,NA
"1242",1703,NA,NA,NA,NA,NA,NA,NA,NA
"1243",1704,NA,NA,NA,NA,NA,NA,NA,NA
"1244",1705,NA,NA,NA,NA,NA,NA,NA,NA
"1245",1706,NA,NA,NA,NA,NA,NA,NA,NA
"1246",1707,NA,NA,NA,NA,NA,NA,NA,NA
"1247",1708,NA,NA,NA,NA,NA,NA,NA,NA
"1248",1709,NA,NA,NA,NA,NA,NA,NA,NA
"1249",1710,NA,NA,NA,NA,NA,NA,NA,NA
"1250",1717,NA,NA,NA,NA,NA,NA,NA,NA
"1251",1718,NA,NA,NA,NA,NA,NA,NA,NA
"1252",1719,NA,NA,NA,NA,NA,NA,NA,NA
"1253",1720,NA,NA,NA,NA,NA,NA,NA,NA
"1254",1721,NA,NA,NA,NA,NA,NA,NA,NA
"1255",1722,NA,NA,NA,NA,NA,NA,NA,NA
"1256",1723,NA,NA,NA,NA,NA,NA,NA,NA
"1257",1724,NA,NA,NA,NA,NA,NA,NA,NA
"1258",1725,NA,NA,NA,NA,NA,NA,NA,NA
"1259",1726,NA,NA,NA,NA,NA,NA,NA,NA
"1260",1727,NA,NA,NA,NA,NA,NA,NA,NA
"1261",1728,NA,NA,NA,NA,NA,NA,NA,NA
"1262",1729,NA,NA,NA,NA,NA,NA,NA,NA
"1263",1730,NA,NA,NA,NA,NA,NA,NA,NA
"1264",1731,NA,NA,NA,NA,NA,NA,NA,NA
"1265",1732,NA,NA,NA,NA,NA,NA,NA,NA
"1266",1733,NA,NA,NA,NA,NA,NA,NA,NA
"1267",1734,NA,NA,NA,NA,NA,NA,NA,NA
"1268",1735,NA,NA,NA,NA,NA,NA,NA,NA
"1269",1736,NA,NA,NA,NA,NA,NA,NA,NA
"1270",1744,NA,NA,NA,NA,NA,NA,NA,NA
"1271",1745,NA,NA,NA,NA,NA,NA,NA,NA
"1272",1746,NA,NA,NA,NA,NA,NA,NA,NA
"1273",1747,NA,NA,NA,NA,NA,NA,NA,NA
"1274",1748,NA,NA,NA,NA,NA,NA,NA,NA
"1275",1749,NA,NA,NA,NA,NA,NA,NA,NA
"1276",1750,NA,NA,NA,NA,NA,NA,NA,NA
"1277",1751,NA,NA,NA,NA,NA,NA,NA,NA
"1278",1752,NA,NA,NA,NA,NA,NA,NA,NA
"1279",1753,NA,NA,NA,NA,NA,NA,NA,NA
"1280",1754,NA,NA,NA,NA,NA,NA,NA,NA
"1281",1755,NA,NA,NA,NA,NA,NA,NA,NA
"1282",1756,NA,NA,NA,NA,NA,NA,NA,NA
"1283",1757,NA,NA,NA,NA,NA,NA,NA,NA
"1284",1758,NA,NA,NA,NA,NA,NA,NA,NA
"1285",1759,NA,NA,NA,NA,NA,NA,NA,NA
"1286",1760,NA,NA,NA,NA,NA,NA,NA,NA
"1287",1761,NA,NA,NA,NA,NA,NA,NA,NA
"1288",1762,NA,NA,NA,NA,NA,NA,NA,NA
"1289",1770,NA,NA,NA,NA,NA,NA,NA,NA
"1290",1771,NA,NA,NA,NA,NA,NA,NA,NA
"1291",1772,NA,NA,NA,NA,NA,NA,NA,NA
"1292",1773,NA,NA,NA,NA,NA,NA,NA,NA
"1293",1774,NA,NA,NA,NA,NA,NA,NA,NA
"1294",1775,NA,NA,NA,NA,NA,NA,NA,NA
"1295",1776,NA,NA,NA,NA,NA,NA,NA,NA
"1296",1777,NA,NA,NA,NA,NA,NA,NA,NA
"1297",1778,NA,NA,NA,NA,NA,NA,NA,NA
"1298",1779,NA,NA,NA,NA,NA,NA,NA,NA
"1299",1780,NA,NA,NA,NA,NA,NA,NA,NA
"1300",1781,NA,NA,NA,NA,NA,NA,NA,NA
"1301",1782,NA,NA,NA,NA,NA,NA,NA,NA
"1302",1783,NA,NA,NA,NA,NA,NA,NA,NA
"1303",1784,NA,NA,NA,NA,NA,NA,NA,NA
"1304",1785,NA,NA,NA,NA,NA,NA,NA,NA
"1305",1786,NA,NA,NA,NA,NA,NA,NA,NA
"1306",1787,NA,NA,NA,NA,NA,NA,NA,NA
"1307",1788,NA,NA,NA,NA,NA,NA,NA,NA
"1308",1796,NA,NA,NA,NA,NA,NA,NA,NA
"1309",1797,NA,NA,NA,NA,NA,NA,NA,NA
"1310",1798,NA,NA,NA,NA,NA,NA,NA,NA
"1311",1799,NA,NA,NA,NA,NA,NA,NA,NA
"1312",1800,NA,NA,NA,NA,NA,NA,NA,NA
"1313",1801,NA,NA,NA,NA,NA,NA,NA,NA
"1314",1802,NA,NA,NA,NA,NA,NA,NA,NA
"1315",1803,NA,NA,NA,NA,NA,NA,NA,NA
"1316",1804,NA,NA,NA,NA,NA,NA,NA,NA
"1317",1805,NA,NA,NA,NA,NA,NA,NA,NA
"1318",1806,NA,NA,NA,NA,NA,NA,NA,NA
"1319",1807,NA,NA,NA,NA,NA,NA,NA,NA
"1320",1808,NA,NA,NA,NA,NA,NA,NA,NA
"1321",1809,NA,NA,NA,NA,NA,NA,NA,NA
"1322",1810,NA,NA,NA,NA,NA,NA,NA,NA
"1323",1811,NA,NA,NA,NA,NA,NA,NA,NA
"1324",1812,NA,NA,NA,NA,NA,NA,NA,NA
"1325",1813,NA,NA,NA,NA,NA,NA,NA,NA
"1326",1814,NA,NA,NA,NA,NA,NA,NA,NA
"1327",1815,NA,NA,NA,NA,NA,NA,NA,NA
"1328",1822,NA,NA,NA,NA,NA,NA,NA,NA
"1329",1823,NA,NA,NA,NA,NA,NA,NA,NA
"1330",1824,NA,NA,NA,NA,NA,NA,NA,NA
"1331",1825,NA,NA,NA,NA,NA,NA,NA,NA
"1332",1826,NA,NA,NA,NA,NA,NA,NA,NA
"1333",1827,NA,NA,NA,NA,NA,NA,NA,NA
"1334",1828,NA,NA,NA,NA,NA,NA,NA,NA
"1335",1829,NA,NA,NA,NA,NA,NA,NA,NA
"1336",1830,NA,NA,NA,NA,NA,NA,NA,NA
"1337",1831,NA,NA,NA,NA,NA,NA,NA,NA
"1338",1832,NA,NA,NA,NA,NA,NA,NA,NA
"1339",1833,NA,NA,NA,NA,NA,NA,NA,NA
"1340",1834,NA,NA,NA,NA,NA,NA,NA,NA
"1341",1835,NA,NA,NA,NA,NA,NA,NA,NA
"1342",1836,NA,NA,NA,NA,NA,NA,NA,NA
"1343",1837,NA,NA,NA,NA,NA,NA,NA,NA
"1344",1838,NA,NA,NA,NA,NA,NA,NA,NA
"1345",1839,NA,NA,NA,NA,NA,NA,NA,NA
"1346",1840,NA,NA,NA,NA,NA,NA,NA,NA
"1347",1848,NA,NA,NA,NA,NA,NA,NA,NA
"1348",1849,NA,NA,NA,NA,NA,NA,NA,NA
"1349",1850,NA,NA,NA,NA,NA,NA,NA,NA
"1350",1851,NA,NA,NA,NA,NA,NA,NA,NA
"1351",1852,NA,NA,NA,NA,NA,NA,NA,NA
"1352",1853,NA,NA,NA,NA,NA,NA,NA,NA
"1353",1854,NA,NA,NA,NA,NA,NA,NA,NA
"1354",1855,NA,NA,NA,NA,NA,NA,NA,NA
"1355",1856,NA,NA,NA,NA,NA,NA,NA,NA
"1356",1857,NA,NA,NA,NA,NA,NA,NA,NA
"1357",1858,NA,NA,NA,NA,NA,NA,NA,NA
"1358",1859,NA,NA,NA,NA,NA,NA,NA,NA
"1359",1860,NA,NA,NA,NA,NA,NA,NA,NA
"1360",1861,NA,NA,NA,NA,NA,NA,NA,NA
"1361",1862,NA,NA,NA,NA,NA,NA,NA,NA
"1362",1863,NA,NA,NA,NA,NA,NA,NA,NA
"1363",1864,NA,NA,NA,NA,NA,NA,NA,NA
"1364",1865,NA,NA,NA,NA,NA,NA,NA,NA
"1365",1866,NA,NA,NA,NA,NA,NA,NA,NA
"1366",1867,NA,NA,NA,NA,NA,NA,NA,NA
"1367",1874,NA,NA,NA,NA,NA,NA,NA,NA
"1368",1875,NA,NA,NA,NA,NA,NA,NA,NA
"1369",1876,NA,NA,NA,NA,NA,NA,NA,NA
"1370",1877,NA,NA,NA,NA,NA,NA,NA,NA
"1371",1878,NA,NA,NA,NA,NA,NA,NA,NA
"1372",1879,NA,NA,NA,NA,NA,NA,NA,NA
"1373",1880,NA,NA,NA,NA,NA,NA,NA,NA
"1374",1881,NA,NA,NA,NA,NA,NA,NA,NA
"1375",1882,NA,NA,NA,NA,NA,NA,NA,NA
"1376",1883,NA,NA,NA,NA,NA,NA,NA,NA
"1377",1884,NA,NA,NA,NA,NA,NA,NA,NA
"1378",1885,NA,NA,NA,NA,NA,NA,NA,NA
"1379",1886,NA,NA,NA,NA,NA,NA,NA,NA
"1380",1887,NA,NA,NA,NA,NA,NA,NA,NA
"1381",1888,NA,NA,NA,NA,NA,NA,NA,NA
"1382",1889,NA,NA,NA,NA,NA,NA,NA,NA
"1383",1890,NA,NA,NA,NA,NA,NA,NA,NA
"1384",1891,NA,NA,NA,NA,NA,NA,NA,NA
"1385",1892,NA,NA,NA,NA,NA,NA,NA,NA
"1386",1900,NA,NA,NA,NA,NA,NA,NA,NA
"1387",1901,NA,NA,NA,NA,NA,NA,NA,NA
"1388",1902,NA,NA,NA,NA,NA,NA,NA,NA
"1389",1903,NA,NA,NA,NA,NA,NA,NA,NA
"1390",1904,NA,NA,NA,NA,NA,NA,NA,NA
"1391",1905,NA,NA,NA,NA,NA,NA,NA,NA
"1392",1906,NA,NA,NA,NA,NA,NA,NA,NA
"1393",1907,NA,NA,NA,NA,NA,NA,NA,NA
"1394",1908,NA,NA,NA,NA,NA,NA,NA,NA
"1395",1909,NA,NA,NA,NA,NA,NA,NA,NA
"1396",1910,NA,NA,NA,NA,NA,NA,NA,NA
"1397",1911,NA,NA,NA,NA,NA,NA,NA,NA
"1398",1912,NA,NA,NA,NA,NA,NA,NA,NA
"1399",1913,NA,NA,NA,NA,NA,NA,NA,NA
"1400",1914,NA,NA,NA,NA,NA,NA,NA,NA
"1401",1915,NA,NA,NA,NA,NA,NA,NA,NA
"1402",1916,NA,NA,NA,NA,NA,NA,NA,NA
"1403",1917,NA,NA,NA,NA,NA,NA,NA,NA
"1404",1918,NA,NA,NA,NA,NA,NA,NA,NA
"1405",1919,NA,NA,NA,NA,NA,NA,NA,NA
"1406",1926,NA,NA,NA,NA,NA,NA,NA,NA
"1407",1927,NA,NA,NA,NA,NA,NA,NA,NA
"1408",1928,NA,NA,NA,NA,NA,NA,NA,NA
"1409",1929,NA,NA,NA,NA,NA,NA,NA,NA
"1410",1930,NA,NA,NA,NA,NA,NA,NA,NA
"1411",1931,NA,NA,NA,NA,NA,NA,NA,NA
"1412",1932,NA,NA,NA,NA,NA,NA,NA,NA
"1413",1933,NA,NA,NA,NA,NA,NA,NA,NA
"1414",1934,NA,NA,NA,NA,NA,NA,NA,NA
"1415",1935,NA,NA,NA,NA,NA,NA,NA,NA
"1416",1936,NA,NA,NA,NA,NA,NA,NA,NA
"1417",1937,NA,NA,NA,NA,NA,NA,NA,NA
"1418",1938,NA,NA,NA,NA,NA,NA,NA,NA
"1419",1939,NA,NA,NA,NA,NA,NA,NA,NA
"1420",1940,NA,NA,NA,NA,NA,NA,NA,NA
"1421",1941,NA,NA,NA,NA,NA,NA,NA,NA
"1422",1942,NA,NA,NA,NA,NA,NA,NA,NA
"1423",1943,NA,NA,NA,NA,NA,NA,NA,NA
"1424",1944,NA,NA,NA,NA,NA,NA,NA,NA
"1425",1945,NA,NA,NA,NA,NA,NA,NA,NA
"1426",1953,NA,NA,NA,NA,NA,NA,NA,NA
"1427",1954,NA,NA,NA,NA,NA,NA,NA,NA
"1428",1955,NA,NA,NA,NA,NA,NA,NA,NA
"1429",1956,NA,NA,NA,NA,NA,NA,NA,NA
"1430",1957,NA,NA,NA,NA,NA,NA,NA,NA
"1431",1958,NA,NA,NA,NA,NA,NA,NA,NA
"1432",1959,NA,NA,NA,NA,NA,NA,NA,NA
"1433",1960,NA,NA,NA,NA,NA,NA,NA,NA
"1434",1961,NA,NA,NA,NA,NA,NA,NA,NA
"1435",1962,NA,NA,NA,NA,NA,NA,NA,NA
"1436",1963,NA,NA,NA,NA,NA,NA,NA,NA
"1437",1964,NA,NA,NA,NA,NA,NA,NA,NA
"1438",1965,NA,NA,NA,NA,NA,NA,NA,NA
"1439",1966,NA,NA,NA,NA,NA,NA,NA,NA
"1440",1967,NA,NA,NA,NA,NA,NA,NA,NA
"1441",1968,NA,NA,NA,NA,NA,NA,NA,NA
"1442",1969,NA,NA,NA,NA,NA,NA,NA,NA
"1443",1970,NA,NA,NA,NA,NA,NA,NA,NA
"1444",1971,NA,NA,NA,NA,NA,NA,NA,NA
"1445",1979,NA,NA,NA,NA,NA,NA,NA,NA
"1446",1980,NA,NA,NA,NA,NA,NA,NA,NA
"1447",1981,NA,NA,NA,NA,NA,NA,NA,NA
"1448",1982,NA,NA,NA,NA,NA,NA,NA,NA
"1449",1983,NA,NA,NA,NA,NA,NA,NA,NA
"1450",1984,NA,NA,NA,NA,NA,NA,NA,NA
"1451",1985,NA,NA,NA,NA,NA,NA,NA,NA
"1452",1986,NA,NA,NA,NA,NA,NA,NA,NA
"1453",1987,NA,NA,NA,NA,NA,NA,NA,NA
"1454",1988,NA,NA,NA,NA,NA,NA,NA,NA
"1455",1989,NA,NA,NA,NA,NA,NA,NA,NA
"1456",1990,NA,NA,NA,NA,NA,NA,NA,NA
"1457",1991,NA,NA,NA,NA,NA,NA,NA,NA
"1458",1992,NA,NA,NA,NA,NA,NA,NA,NA
"1459",1993,NA,NA,NA,NA,NA,NA,NA,NA
"1460",1994,NA,NA,NA,NA,NA,NA,NA,NA
"1461",1995,NA,NA,NA,NA,NA,NA,NA,NA
"1462",1996,NA,NA,NA,NA,NA,NA,NA,NA
"1463",1997,NA,NA,NA,NA,NA,NA,NA,NA
"1464",2007,NA,NA,NA,NA,NA,NA,NA,NA
"1465",2008,NA,NA,NA,NA,NA,NA,NA,NA
"1466",2010,NA,NA,NA,NA,NA,NA,NA,NA
"1467",2011,NA,NA,NA,NA,NA,NA,NA,NA
"1468",2012,NA,NA,NA,NA,NA,NA,NA,NA
"1469",2013,NA,NA,NA,NA,NA,NA,NA,NA
"1470",2014,NA,NA,NA,NA,NA,NA,NA,NA
"1471",2015,NA,NA,NA,NA,NA,NA,NA,NA
"1472",2016,NA,NA,NA,NA,NA,NA,NA,NA
"1473",2017,NA,NA,NA,NA,NA,NA,NA,NA
"1474",2018,NA,NA,NA,NA,NA,NA,NA,NA
"1475",2019,NA,NA,NA,NA,NA,NA,NA,NA
"1476",2020,NA,NA,NA,NA,NA,NA,NA,NA
"1477",2021,NA,NA,NA,NA,NA,NA,NA,NA
"1478",2022,NA,NA,NA,NA,NA,NA,NA,NA
"1479",2023,NA,NA,NA,NA,NA,NA,NA,NA
"1480",2032,NA,NA,NA,NA,NA,NA,NA,NA
"1481",2033,NA,NA,NA,NA,NA,NA,NA,NA
"1482",2036,NA,NA,NA,NA,NA,NA,NA,NA
"1483",2037,NA,NA,NA,NA,NA,NA,NA,NA
"1484",2038,NA,NA,NA,NA,NA,NA,NA,NA
"1485",2039,NA,NA,NA,NA,NA,NA,NA,NA
"1486",2040,NA,NA,NA,NA,NA,NA,NA,NA
"1487",2041,NA,NA,NA,NA,NA,NA,NA,NA
"1488",2042,NA,NA,NA,NA,NA,NA,NA,NA
"1489",2043,NA,NA,NA,NA,NA,NA,NA,NA
"1490",2044,NA,NA,NA,NA,NA,NA,NA,NA
"1491",2045,NA,NA,NA,NA,NA,NA,NA,NA
"1492",2046,NA,NA,NA,NA,NA,NA,NA,NA
"1493",2047,NA,NA,NA,NA,NA,NA,NA,NA
"1494",2048,NA,NA,NA,NA,NA,NA,NA,NA
"1495",2059,NA,NA,NA,NA,NA,NA,NA,NA
"1496",2062,NA,NA,NA,NA,NA,NA,NA,NA
"1497",2063,NA,NA,NA,NA,NA,NA,NA,NA
"1498",2064,NA,NA,NA,NA,NA,NA,NA,NA
"1499",2065,NA,NA,NA,NA,NA,NA,NA,NA
"1500",2066,NA,NA,NA,NA,NA,NA,NA,NA
"1501",2067,NA,NA,NA,NA,NA,NA,NA,NA
"1502",2068,NA,NA,NA,NA,NA,NA,NA,NA
"1503",2069,NA,NA,NA,NA,NA,NA,NA,NA
"1504",2070,NA,NA,NA,NA,NA,NA,NA,NA
"1505",2071,NA,NA,NA,NA,NA,NA,NA,NA
"1506",2072,NA,NA,NA,NA,NA,NA,NA,NA
"1507",2073,NA,NA,NA,NA,NA,NA,NA,NA
"1508",2074,NA,NA,NA,NA,NA,NA,NA,NA
"1509",2085,NA,NA,NA,NA,NA,NA,NA,NA
"1510",2088,NA,NA,NA,NA,NA,NA,NA,NA
"1511",2089,NA,NA,NA,NA,NA,NA,NA,NA
"1512",2090,NA,NA,NA,NA,NA,NA,NA,NA
"1513",2091,NA,NA,NA,NA,NA,NA,NA,NA
"1514",2092,NA,NA,NA,NA,NA,NA,NA,NA
"1515",2093,NA,NA,NA,NA,NA,NA,NA,NA
"1516",2094,NA,NA,NA,NA,NA,NA,NA,NA
"1517",2095,NA,NA,NA,NA,NA,NA,NA,NA
"1518",2096,NA,NA,NA,NA,NA,NA,NA,NA
"1519",2097,NA,NA,NA,NA,NA,NA,NA,NA
"1520",2098,NA,NA,NA,NA,NA,NA,NA,NA
"1521",2099,NA,NA,NA,NA,NA,NA,NA,NA
"1522",2100,NA,NA,NA,NA,NA,NA,NA,NA
"1523",2111,NA,NA,NA,NA,NA,NA,NA,NA
"1524",2114,NA,NA,NA,NA,NA,NA,NA,NA
"1525",2115,NA,NA,NA,NA,NA,NA,NA,NA
"1526",2116,NA,NA,NA,NA,NA,NA,NA,NA
"1527",2117,NA,NA,NA,NA,NA,NA,NA,NA
"1528",2118,NA,NA,NA,NA,NA,NA,NA,NA
"1529",2119,NA,NA,NA,NA,NA,NA,NA,NA
"1530",2120,NA,NA,NA,NA,NA,NA,NA,NA
"1531",2121,NA,NA,NA,NA,NA,NA,NA,NA
"1532",2122,NA,NA,NA,NA,NA,NA,NA,NA
"1533",2123,NA,NA,NA,NA,NA,NA,NA,NA
"1534",2124,NA,NA,NA,NA,NA,NA,NA,NA
"1535",2125,NA,NA,NA,NA,NA,NA,NA,NA
"1536",2126,NA,NA,NA,NA,NA,NA,NA,NA
"1537",2140,NA,NA,NA,NA,NA,NA,NA,NA
"1538",2141,NA,NA,NA,NA,NA,NA,NA,NA
"1539",2142,NA,NA,NA,NA,NA,NA,NA,NA
"1540",2143,NA,NA,NA,NA,NA,NA,NA,NA
"1541",2144,NA,NA,NA,NA,NA,NA,NA,NA
"1542",2145,NA,NA,NA,NA,NA,NA,NA,NA
"1543",2146,NA,NA,NA,NA,NA,NA,NA,NA
"1544",2147,NA,NA,NA,NA,NA,NA,NA,NA
"1545",2148,NA,NA,NA,NA,NA,NA,NA,NA
"1546",2149,NA,NA,NA,NA,NA,NA,NA,NA
"1547",2150,NA,NA,NA,NA,NA,NA,NA,NA
"1548",2166,NA,NA,NA,NA,NA,NA,NA,NA
"1549",2167,NA,NA,NA,NA,NA,NA,NA,NA
"1550",2168,NA,NA,NA,NA,NA,NA,NA,NA
"1551",2169,NA,NA,NA,NA,NA,NA,NA,NA
"1552",2170,NA,NA,NA,NA,NA,NA,NA,NA
"1553",2171,NA,NA,NA,NA,NA,NA,NA,NA
"1554",2172,NA,NA,NA,NA,NA,NA,NA,NA
"1555",2173,NA,NA,NA,NA,NA,NA,NA,NA
"1556",2174,NA,NA,NA,NA,NA,NA,NA,NA
"1557",2175,NA,NA,NA,NA,NA,NA,NA,NA
"1558",2176,NA,NA,NA,NA,NA,NA,NA,NA
"1559",2192,NA,NA,NA,NA,NA,NA,NA,NA
"1560",2193,NA,NA,NA,NA,NA,NA,NA,NA
"1561",2194,NA,NA,NA,NA,NA,NA,NA,NA
"1562",2195,NA,NA,NA,NA,NA,NA,NA,NA
"1563",2196,NA,NA,NA,NA,NA,NA,NA,NA
"1564",2197,NA,NA,NA,NA,NA,NA,NA,NA
"1565",2198,NA,NA,NA,NA,NA,NA,NA,NA
"1566",2199,NA,NA,NA,NA,NA,NA,NA,NA
"1567",2200,NA,NA,NA,NA,NA,NA,NA,NA
"1568",2201,NA,NA,NA,NA,NA,NA,NA,NA
"1569",2218,NA,NA,NA,NA,NA,NA,NA,NA
"1570",2220,NA,NA,NA,NA,NA,NA,NA,NA
"1571",2221,NA,NA,NA,NA,NA,NA,NA,NA
"1572",2222,NA,NA,NA,NA,NA,NA,NA,NA
"1573",2223,NA,NA,NA,NA,NA,NA,NA,NA
"1574",2224,NA,NA,NA,NA,NA,NA,NA,NA
"1575",2225,NA,NA,NA,NA,NA,NA,NA,NA
"1576",2226,NA,NA,NA,NA,NA,NA,NA,NA
"1577",2227,NA,NA,NA,NA,NA,NA,NA,NA
"1578",2228,NA,NA,NA,NA,NA,NA,NA,NA
"1579",2245,NA,NA,NA,NA,NA,NA,NA,NA
"1580",2246,NA,NA,NA,NA,NA,NA,NA,NA
"1581",2247,NA,NA,NA,NA,NA,NA,NA,NA
"1582",2248,NA,NA,NA,NA,NA,NA,NA,NA
"1583",2249,NA,NA,NA,NA,NA,NA,NA,NA
"1584",2250,NA,NA,NA,NA,NA,NA,NA,NA
"1585",2251,NA,NA,NA,NA,NA,NA,NA,NA
"1586",2252,NA,NA,NA,NA,NA,NA,NA,NA
"1587",2253,NA,NA,NA,NA,NA,NA,NA,NA
"1588",2272,NA,NA,NA,NA,NA,NA,NA,NA
"1589",2273,NA,NA,NA,NA,NA,NA,NA,NA
"1590",2274,NA,NA,NA,NA,NA,NA,NA,NA
"1591",2275,NA,NA,NA,NA,NA,NA,NA,NA
"1592",2276,NA,NA,NA,NA,NA,NA,NA,NA
"1593",2277,NA,NA,NA,NA,NA,NA,NA,NA
"1594",2278,NA,NA,NA,NA,NA,NA,NA,NA
"1595",2279,NA,NA,NA,NA,NA,NA,NA,NA
"1596",2298,NA,NA,NA,NA,NA,NA,NA,NA
"1597",2299,NA,NA,NA,NA,NA,NA,NA,NA
"1598",2300,NA,NA,NA,NA,NA,NA,NA,NA
"1599",2301,NA,NA,NA,NA,NA,NA,NA,NA
"1600",2302,NA,NA,NA,NA,NA,NA,NA,NA
"1601",2325,NA,NA,NA,NA,NA,NA,NA,NA
"1602",2326,NA,NA,NA,NA,NA,NA,NA,NA
"1603",2327,NA,NA,NA,NA,NA,NA,NA,NA
"1604",2328,NA,NA,NA,NA,NA,NA,NA,NA
"1605",2351,NA,NA,NA,NA,NA,NA,NA,NA
"1606",2352,NA,NA,NA,NA,NA,NA,NA,NA
"1607",2378,NA,NA,NA,NA,NA,NA,NA,NA
"1608",2404,NA,NA,NA,NA,NA,NA,NA,NA
